Season Start,Year,League,Team (Short),Team (Full),Division,DivWin,WCWin,LgWin,WSWin,G,W,L,RS,AB,H,2B,3B,HR,BB,SO,SB,CS,RA,ER,ERA,CG,SHO,SV
4/1/1995,1995,NL,ATL,Atlanta Braves,E,Y,N,Y,Y,144,90,54,645,4814,1202,210,27,168,520,933,73,43,540,493,3.44,18,11,34
4/1/1995,1995,AL,BAL,Baltimore Orioles,E,N,N,N,N,144,71,73,704,4837,1267,229,27,173,574,803,92,45,640,607,4.31,19,10,29
4/1/1995,1995,AL,BOS,Boston Red Sox,E,Y,N,N,N,144,86,58,791,4997,1399,286,31,175,560,923,99,44,698,630,4.39,7,9,39
4/1/1995,1995,AL,CAL,California Angels,W,N,N,N,N,145,78,67,801,5019,1390,252,25,186,564,889,58,39,697,645,4.52,8,9,42
4/1/1995,1995,AL,CHA,Chicago White Sox,C,N,N,N,N,145,68,76,755,5060,1417,252,37,146,576,767,110,39,758,692,4.85,12,4,36
4/1/1995,1995,NL,CHN,Chicago Cubs,C,N,N,N,N,144,73,71,693,4963,1315,267,39,158,440,953,105,37,671,597,4.13,6,12,45
4/1/1995,1995,NL,CIN,Cincinnati Reds,C,Y,N,N,N,144,85,59,747,4903,1326,277,35,161,519,946,190,68,623,577,4.03,8,10,38
4/1/1995,1995,AL,CLE,Cleveland Indians,C,Y,N,Y,N,144,100,44,840,5028,1461,279,23,207,542,766,132,53,607,554,3.83,10,10,50
4/1/1995,1995,NL,COL,Colorado Rockies,W,N,Y,N,N,144,77,67,785,4994,1406,259,43,200,484,943,125,59,783,711,4.97,1,1,43
4/1/1995,1995,AL,DET,Detroit Tigers,E,N,N,N,N,144,60,84,654,4865,1204,228,29,159,551,987,73,36,844,778,5.49,5,3,38
4/1/1995,1995,NL,FLO,Florida Marlins,E,N,N,N,N,143,67,76,673,4886,1278,214,29,144,517,916,131,53,673,610,4.27,12,7,29
4/1/1995,1995,NL,HOU,Houston Astros,C,N,N,N,N,144,76,68,747,5097,1403,260,22,109,566,992,176,60,674,595,4.06,6,8,32
4/1/1995,1995,AL,KCA,Kansas City Royals,C,N,N,N,N,144,70,74,629,4903,1275,240,35,119,475,849,120,53,691,643,4.49,11,10,37
4/1/1995,1995,NL,LAN,Los Angeles Dodgers,W,Y,N,N,N,144,78,66,634,4942,1303,191,31,140,468,1023,127,45,609,527,3.66,16,11,37
4/1/1995,1995,AL,MIN,Minnesota Twins,C,N,N,N,N,144,56,88,703,5005,1398,270,34,120,471,916,105,57,889,814,5.76,7,2,27
4/1/1995,1995,AL,ML4,Milwaukee Brewers,C,N,N,N,N,144,65,79,740,5000,1329,249,42,128,502,800,105,40,747,689,4.82,7,4,31
4/1/1995,1995,NL,MON,Montreal Expos,E,N,N,N,N,144,66,78,621,4905,1268,265,24,118,400,901,120,49,638,586,4.11,7,9,42
4/1/1995,1995,AL,NYA,New York Yankees,E,N,Y,N,N,145,79,65,749,4947,1365,280,34,122,625,851,50,30,688,651,4.56,18,5,35
4/1/1995,1995,NL,NYN,New York Mets,E,N,N,N,N,144,69,75,657,4958,1323,218,34,125,446,994,58,39,618,557,3.88,9,9,36
4/1/1995,1995,AL,OAK,Oakland Athletics,W,N,N,N,N,144,67,77,730,4916,1296,228,18,169,565,911,112,46,761,697,4.93,8,4,34
4/1/1995,1995,NL,PHI,Philadelphia Phillies,E,N,N,N,N,144,69,75,615,4950,1296,263,30,94,497,884,72,25,658,603,4.21,8,8,41
4/1/1995,1995,NL,PIT,Pittsburgh Pirates,C,N,N,N,N,144,58,86,629,4937,1281,245,27,125,456,972,84,55,736,666,4.7,11,7,29
4/1/1995,1995,NL,SDN,San Diego Padres,W,N,N,N,N,144,70,74,668,4950,1345,231,20,116,447,872,124,46,672,589,4.13,6,10,35
4/1/1995,1995,AL,SEA,Seattle Mariners,W,Y,N,N,N,145,79,66,796,4996,1377,276,20,182,549,871,110,41,708,644,4.5,9,8,39
4/1/1995,1995,NL,SFN,San Francisco Giants,W,N,N,N,N,144,67,77,652,4971,1256,229,33,152,472,1060,138,46,776,698,4.86,12,5,34
4/1/1995,1995,NL,SLN,St. Louis Cardinals,C,N,N,N,N,143,62,81,563,4779,1182,238,24,107,436,920,79,46,658,575,4.09,4,6,38
4/1/1995,1995,AL,TEX,Texas Rangers,W,N,N,N,N,144,74,70,691,4913,1304,247,24,138,526,877,90,47,720,665,4.66,14,4,34
4/1/1995,1995,AL,TOR,Toronto Blue Jays,E,N,N,N,N,144,56,88,642,5036,1309,275,27,140,492,906,75,16,777,701,4.88,16,8,22
4/1/1996,1996,NL,ATL,Atlanta Braves,E,Y,N,Y,N,162,96,66,773,5614,1514,264,28,197,530,1032,83,43,648,578,3.54,14,9,46
4/1/1996,1996,AL,BAL,Baltimore Orioles,E,N,Y,N,N,163,88,74,949,5689,1557,299,29,257,645,915,76,40,903,840,5.15,13,2,44
4/1/1996,1996,AL,BOS,Boston Red Sox,E,N,N,N,N,162,85,77,928,5756,1631,308,31,209,642,1020,91,44,921,810,5,17,5,37
4/1/1996,1996,AL,CAL,California Angels,W,N,N,N,N,161,70,91,762,5686,1571,256,24,192,527,974,53,39,943,849,5.31,12,8,38
4/1/1996,1996,AL,CHA,Chicago White Sox,C,N,N,N,N,162,85,77,898,5644,1586,284,33,195,701,927,105,41,794,735,4.53,7,5,43
4/1/1996,1996,NL,CHN,Chicago Cubs,C,N,N,N,N,162,76,86,772,5531,1388,267,19,175,523,1090,108,50,771,705,4.36,10,11,34
4/1/1996,1996,NL,CIN,Cincinnati Reds,C,N,N,N,N,162,81,81,778,5455,1398,259,36,191,604,1134,171,63,773,694,4.33,6,8,52
4/1/1996,1996,AL,CLE,Cleveland Indians,C,Y,N,N,N,161,99,62,952,5681,1665,335,23,218,671,844,160,50,769,702,4.35,13,9,46
4/1/1996,1996,NL,COL,Colorado Rockies,W,N,N,N,N,162,83,79,961,5590,1607,297,37,221,527,1108,201,66,964,885,5.6,5,5,34
4/1/1996,1996,AL,DET,Detroit Tigers,E,N,N,N,N,162,53,109,783,5530,1413,257,21,204,546,1268,87,50,1103,1015,6.38,10,4,22
4/1/1996,1996,NL,FLO,Florida Marlins,E,N,N,N,N,162,80,82,688,5498,1413,240,30,150,553,1122,99,46,703,633,3.95,8,13,41
4/1/1996,1996,NL,HOU,Houston Astros,C,N,N,N,N,162,82,80,753,5508,1445,297,29,129,554,1057,180,63,792,704,4.38,13,4,35
4/1/1996,1996,AL,KCA,Kansas City Royals,C,N,N,N,N,161,75,86,746,5542,1477,286,38,123,529,943,195,85,786,733,4.55,17,8,35
4/1/1996,1996,NL,LAN,Los Angeles Dodgers,W,N,Y,N,N,162,90,72,703,5538,1396,215,33,150,516,1190,124,40,652,567,3.48,6,9,50
4/1/1996,1996,AL,MIN,Minnesota Twins,C,N,N,N,N,162,78,84,877,5673,1633,332,47,118,576,958,143,53,900,847,5.3,13,5,31
4/1/1996,1996,AL,ML4,Milwaukee Brewers,C,N,N,N,N,162,80,82,894,5662,1578,304,40,178,624,986,101,48,899,831,5.17,6,5,42
4/1/1996,1996,NL,MON,Montreal Expos,E,N,N,N,N,162,88,74,741,5505,1441,297,27,148,492,1077,108,34,668,605,3.78,11,7,43
4/1/1996,1996,AL,NYA,New York Yankees,E,Y,N,Y,Y,162,92,70,871,5628,1621,293,28,162,632,909,96,46,787,744,4.65,6,9,52
4/1/1996,1996,NL,NYN,New York Mets,E,N,N,N,N,162,71,91,746,5618,1515,267,47,147,445,1069,97,48,779,675,4.22,10,10,41
4/1/1996,1996,AL,OAK,Oakland Athletics,W,N,N,N,N,162,78,84,861,5630,1492,283,21,243,640,1114,58,35,900,841,5.2,7,5,34
4/1/1996,1996,NL,PHI,Philadelphia Phillies,E,N,N,N,N,162,67,95,650,5499,1405,249,39,132,536,1092,117,41,790,710,4.49,12,6,42
4/1/1996,1996,NL,PIT,Pittsburgh Pirates,C,N,N,N,N,162,73,89,776,5665,1509,319,33,138,510,989,126,49,833,750,4.64,5,7,37
4/1/1996,1996,NL,SDN,San Diego Padres,W,Y,N,N,N,162,91,71,771,5655,1499,285,24,147,601,1014,109,55,682,617,3.73,5,11,47
4/1/1996,1996,AL,SEA,Seattle Mariners,W,N,N,N,N,161,85,76,993,5668,1625,343,19,245,670,1052,90,39,895,828,5.21,4,4,34
4/1/1996,1996,NL,SFN,San Francisco Giants,W,N,N,N,N,162,68,94,752,5533,1400,245,21,153,615,1189,113,53,862,756,4.72,9,8,35
4/1/1996,1996,NL,SLN,St. Louis Cardinals,C,Y,N,N,N,162,88,74,759,5502,1468,281,31,142,495,1089,149,58,706,642,3.98,13,11,43
4/1/1996,1996,AL,TEX,Texas Rangers,W,Y,N,N,N,163,90,72,928,5702,1622,323,32,221,660,1041,83,26,799,750,4.66,19,6,43
4/1/1996,1996,AL,TOR,Toronto Blue Jays,E,N,N,N,N,162,74,88,766,5599,1451,302,35,177,529,1105,116,38,809,735,4.58,19,7,35
4/1/1997,1997,AL,ANA,Anaheim Angels,W,N,N,N,N,162,84,78,829,5628,1531,279,25,161,617,953,126,72,794,730,4.52,9,5,39
4/1/1997,1997,NL,ATL,Atlanta Braves,E,Y,N,N,N,162,101,61,791,5528,1490,268,37,174,597,1160,108,58,581,518,3.18,21,17,37
4/1/1997,1997,AL,BAL,Baltimore Orioles,E,Y,N,N,N,162,98,64,812,5584,1498,264,22,196,586,952,63,26,681,635,3.91,8,10,59
4/1/1997,1997,AL,BOS,Boston Red Sox,E,N,N,N,N,162,78,84,851,5781,1684,373,32,185,514,1044,68,48,857,785,4.87,7,4,40
4/1/1997,1997,AL,CHA,Chicago White Sox,C,N,N,N,N,161,80,81,779,5491,1498,260,28,158,569,901,106,52,833,749,4.74,6,7,52
4/1/1997,1997,NL,CHN,Chicago Cubs,C,N,N,N,N,162,68,94,687,5489,1444,269,39,127,451,1003,116,60,759,705,4.44,6,4,37
4/1/1997,1997,NL,CIN,Cincinnati Reds,C,N,N,N,N,162,76,86,651,5484,1386,269,27,142,518,1113,190,67,764,712,4.42,5,8,49
4/1/1997,1997,AL,CLE,Cleveland Indians,C,Y,N,Y,N,161,86,75,868,5556,1589,301,22,220,617,955,118,59,815,749,4.73,4,3,39
4/1/1997,1997,NL,COL,Colorado Rockies,W,N,N,N,N,162,83,79,923,5603,1611,269,40,239,562,1060,137,65,908,835,5.25,9,5,38
4/1/1997,1997,AL,DET,Detroit Tigers,E,N,N,N,N,162,79,83,784,5481,1415,268,32,176,578,1164,161,72,790,732,4.56,13,8,42
4/1/1997,1997,NL,FLO,Florida Marlins,E,N,Y,Y,Y,162,92,70,740,5439,1410,272,28,136,686,1074,115,58,669,615,3.83,12,10,39
4/1/1997,1997,NL,HOU,Houston Astros,C,Y,N,N,N,162,84,78,777,5502,1427,314,40,133,633,1085,171,74,660,595,3.67,16,12,37
4/1/1997,1997,AL,KCA,Kansas City Royals,C,N,N,N,N,161,67,94,747,5599,1478,256,35,158,561,1061,130,66,820,755,4.71,11,5,29
4/1/1997,1997,NL,LAN,Los Angeles Dodgers,W,N,N,N,N,162,88,74,742,5544,1488,242,33,174,498,1079,131,64,645,588,3.63,6,6,45
4/1/1997,1997,AL,MIN,Minnesota Twins,C,N,N,N,N,162,68,94,772,5634,1522,305,40,132,495,1121,151,52,861,800,5.02,10,4,30
4/1/1997,1997,AL,ML4,Milwaukee Brewers,C,N,N,N,N,161,78,83,681,5444,1415,294,27,135,494,967,103,55,742,670,4.22,6,8,44
4/1/1997,1997,NL,MON,Montreal Expos,E,N,N,N,N,162,78,84,691,5526,1423,339,34,172,420,1084,75,46,740,666,4.14,27,14,37
4/1/1997,1997,AL,NYA,New York Yankees,E,N,Y,N,N,162,96,66,891,5710,1636,325,23,161,676,954,99,58,688,626,3.84,11,10,51
4/1/1997,1997,NL,NYN,New York Mets,E,N,N,N,N,162,88,74,777,5524,1448,274,28,153,550,1029,97,74,709,640,3.95,7,8,49
4/1/1997,1997,AL,OAK,Oakland Athletics,W,N,N,N,N,162,65,97,764,5589,1451,274,23,197,642,1181,71,36,946,881,5.49,2,1,38
4/1/1997,1997,NL,PHI,Philadelphia Phillies,E,N,N,N,N,162,68,94,668,5443,1390,290,35,116,519,1032,92,56,840,768,4.87,13,7,35
4/1/1997,1997,NL,PIT,Pittsburgh Pirates,C,N,N,N,N,162,79,83,725,5503,1440,291,52,129,481,1161,160,50,760,683,4.28,6,8,41
4/1/1997,1997,NL,SDN,San Diego Padres,W,N,N,N,N,162,76,86,795,5609,1519,275,16,152,604,1129,140,60,891,804,4.99,5,2,43
4/1/1997,1997,AL,SEA,Seattle Mariners,W,Y,N,N,N,162,90,72,925,5614,1574,312,21,264,626,1110,89,40,833,770,4.79,9,8,38
4/1/1997,1997,NL,SFN,San Francisco Giants,W,Y,N,N,N,162,90,72,784,5485,1415,266,37,172,642,1120,121,49,793,709,4.41,5,9,45
4/1/1997,1997,NL,SLN,St. Louis Cardinals,C,N,N,N,N,162,73,89,689,5524,1409,269,39,144,543,1191,164,60,708,631,3.9,5,3,39
4/1/1997,1997,AL,TEX,Texas Rangers,W,N,N,N,N,162,77,85,807,5651,1547,311,27,187,500,1116,72,37,823,744,4.68,8,9,33
4/1/1997,1997,AL,TOR,Toronto Blue Jays,E,N,N,N,N,162,76,86,654,5473,1333,275,41,147,487,1138,134,50,694,628,3.92,19,16,34
4/1/1998,1998,AL,ANA,Anaheim Angels,W,N,N,N,N,162,85,77,787,5630,1530,314,27,147,510,1028,93,45,783,720,4.49,3,5,52
4/1/1998,1998,NL,ARI,Arizona Diamondbacks,W,N,N,N,N,162,65,97,665,5491,1353,235,46,159,489,1239,73,38,812,738,4.64,7,6,37
4/1/1998,1998,NL,ATL,Atlanta Braves,E,Y,N,N,N,162,106,56,826,5484,1489,297,26,215,548,1062,98,43,581,519,3.25,24,23,45
4/1/1998,1998,AL,BAL,Baltimore Orioles,E,N,N,N,N,162,79,83,817,5565,1520,303,11,214,593,903,86,48,785,752,4.73,16,10,37
4/1/1998,1998,AL,BOS,Boston Red Sox,E,N,Y,N,N,162,92,70,876,5601,1568,338,35,205,541,1049,72,39,729,669,4.19,5,8,53
4/1/1998,1998,AL,CHA,Chicago White Sox,C,N,N,N,N,163,80,82,861,5585,1516,291,38,198,551,916,127,46,931,837,5.24,8,4,42
4/1/1998,1998,NL,CHN,Chicago Cubs,C,N,Y,N,N,163,90,73,831,5649,1494,250,34,212,601,1223,65,44,792,739,4.5,7,7,56
4/1/1998,1998,NL,CIN,Cincinnati Reds,C,N,N,N,N,162,77,85,750,5496,1441,298,28,138,608,1107,95,42,760,711,4.44,6,8,42
4/1/1998,1998,AL,CLE,Cleveland Indians,C,Y,N,N,N,162,89,73,850,5616,1530,334,30,198,630,1061,143,60,779,722,4.45,9,4,47
4/1/1998,1998,NL,COL,Colorado Rockies,W,N,N,N,N,162,77,85,826,5632,1640,333,36,183,469,949,67,47,855,796,5,9,5,36
4/1/1998,1998,AL,DET,Detroit Tigers,C,N,N,N,N,162,65,97,722,5664,1494,306,29,165,455,1070,122,62,863,792,4.93,9,4,32
4/1/1998,1998,NL,FLO,Florida Marlins,E,N,N,N,N,162,54,108,667,5558,1381,277,36,114,525,1120,115,57,923,837,5.2,11,3,24
4/1/1998,1998,NL,HOU,Houston Astros,C,Y,N,N,N,162,102,60,874,5641,1578,326,28,166,621,1122,155,51,620,572,3.5,12,11,44
4/1/1998,1998,AL,KCA,Kansas City Royals,C,N,N,N,N,161,72,89,714,5546,1459,274,40,134,475,984,135,50,899,823,5.16,6,7,46
4/1/1998,1998,NL,LAN,Los Angeles Dodgers,W,N,N,N,N,162,83,79,669,5459,1374,209,27,159,447,1056,137,53,678,613,3.81,16,10,47
4/1/1998,1998,NL,MIL,Milwaukee Brewers,C,N,N,N,N,162,74,88,707,5541,1439,266,17,152,532,1039,81,59,812,746,4.63,2,2,39
4/1/1998,1998,AL,MIN,Minnesota Twins,C,N,N,N,N,162,70,92,734,5641,1499,285,32,115,506,915,112,54,818,765,4.76,7,9,42
4/1/1998,1998,NL,MON,Montreal Expos,E,N,N,N,N,162,65,97,644,5418,1348,280,32,147,439,1058,91,46,783,696,4.39,4,5,39
4/1/1998,1998,AL,NYA,New York Yankees,E,Y,N,Y,Y,162,114,48,965,5643,1625,290,31,207,653,1025,153,63,656,618,3.82,22,16,48
4/1/1998,1998,NL,NYN,New York Mets,E,N,N,N,N,162,88,74,706,5510,1425,289,24,136,572,1049,62,46,645,611,3.77,9,16,46
4/1/1998,1998,AL,OAK,Oakland Athletics,W,N,N,N,N,162,74,88,804,5490,1413,295,13,149,633,1122,131,47,866,770,4.83,12,4,39
4/1/1998,1998,NL,PHI,Philadelphia Phillies,E,N,N,N,N,162,75,87,713,5617,1482,286,36,126,508,1080,97,45,808,754,4.64,21,11,32
4/1/1998,1998,NL,PIT,Pittsburgh Pirates,C,N,N,N,N,163,69,93,650,5493,1395,271,35,107,393,1060,159,51,718,630,3.91,7,10,41
4/1/1998,1998,NL,SDN,San Diego Padres,W,Y,N,Y,N,162,98,64,749,5490,1390,292,30,167,604,1072,79,37,635,587,3.63,14,11,59
4/1/1998,1998,AL,SEA,Seattle Mariners,W,N,N,N,N,161,76,85,859,5628,1553,321,28,234,558,1081,115,39,855,783,4.95,17,7,31
4/1/1998,1998,NL,SFN,San Francisco Giants,W,N,N,N,N,163,89,74,845,5628,1540,292,26,161,678,1040,102,51,739,688,4.19,6,6,44
4/1/1998,1998,NL,SLN,St. Louis Cardinals,C,N,N,N,N,163,83,79,810,5593,1444,292,30,223,676,1179,133,41,782,705,4.32,6,10,44
4/1/1998,1998,AL,TBA,Tampa Bay Devil Rays,E,N,N,N,N,162,63,99,620,5555,1450,267,43,111,473,1107,120,73,751,697,4.35,7,8,28
4/1/1998,1998,AL,TEX,Texas Rangers,W,Y,N,N,N,162,88,74,940,5672,1637,314,32,201,595,1045,82,47,871,795,5,10,8,46
4/1/1998,1998,AL,TOR,Toronto Blue Jays,E,N,N,N,N,163,88,74,816,5580,1482,316,19,221,564,1132,184,81,768,698,4.29,10,11,47
4/1/1999,1999,AL,ANA,Anaheim Angels,W,N,N,N,N,162,70,92,711,5494,1404,248,22,158,511,1022,71,45,826,762,4.79,4,7,37
4/1/1999,1999,NL,ARI,Arizona Diamondbacks,W,Y,N,N,N,162,100,62,908,5658,1566,289,46,216,588,1045,137,39,676,615,3.77,16,9,42
4/1/1999,1999,NL,ATL,Atlanta Braves,E,Y,N,Y,N,162,103,59,840,5569,1481,309,23,197,608,962,148,66,661,593,3.63,9,9,45
4/1/1999,1999,AL,BAL,Baltimore Orioles,E,N,N,N,N,162,78,84,851,5637,1572,299,21,203,615,890,107,46,815,761,4.77,17,11,33
4/1/1999,1999,AL,BOS,Boston Red Sox,E,N,Y,N,N,162,94,68,836,5579,1551,334,42,176,597,928,67,39,718,638,4,6,12,50
4/1/1999,1999,AL,CHA,Chicago White Sox,C,N,N,N,N,162,75,86,777,5644,1563,298,37,162,499,810,110,50,870,786,4.92,6,3,39
4/1/1999,1999,NL,CHN,Chicago Cubs,C,N,N,N,N,162,67,95,747,5482,1411,255,35,189,571,1170,60,44,920,837,5.27,11,6,32
4/1/1999,1999,NL,CIN,Cincinnati Reds,C,N,N,N,N,163,96,67,865,5649,1536,312,37,209,569,1125,164,54,711,648,3.99,6,11,55
4/1/1999,1999,AL,CLE,Cleveland Indians,C,Y,N,N,N,162,97,65,1009,5634,1629,309,32,209,743,1099,147,50,860,789,4.9,3,6,46
4/1/1999,1999,NL,COL,Colorado Rockies,W,N,N,N,N,162,72,90,906,5716,1644,305,39,223,508,863,70,43,1028,955,6.02,12,2,33
4/1/1999,1999,AL,DET,Detroit Tigers,C,N,N,N,N,161,69,92,747,5481,1433,289,34,212,458,1049,108,70,882,817,5.18,4,6,33
4/1/1999,1999,NL,FLO,Florida Marlins,E,N,N,N,N,162,64,98,691,5578,1465,266,44,128,479,1145,92,46,852,781,4.9,6,5,33
4/1/1999,1999,NL,HOU,Houston Astros,C,Y,N,N,N,162,97,65,823,5485,1463,293,23,168,728,1138,166,75,675,622,3.84,12,8,48
4/1/1999,1999,AL,KCA,Kansas City Royals,C,N,N,N,N,161,64,97,856,5624,1584,294,52,151,535,932,127,39,921,844,5.35,11,3,29
4/1/1999,1999,NL,LAN,Los Angeles Dodgers,W,N,N,N,N,162,77,85,793,5567,1480,253,23,187,594,1030,167,68,787,718,4.45,8,6,37
4/1/1999,1999,NL,MIL,Milwaukee Brewers,C,N,N,N,N,161,74,87,815,5582,1524,299,30,165,658,1065,81,33,886,812,5.07,2,5,40
4/1/1999,1999,AL,MIN,Minnesota Twins,C,N,N,N,N,161,63,97,686,5495,1450,285,30,105,500,978,118,60,845,794,5.02,12,8,34
4/1/1999,1999,NL,MON,Montreal Expos,E,N,N,N,N,162,68,94,718,5559,1473,320,47,163,438,939,70,51,853,747,4.69,6,4,44
4/1/1999,1999,AL,NYA,New York Yankees,E,Y,N,Y,Y,162,98,64,900,5568,1568,302,36,193,718,978,104,57,731,660,4.13,6,10,50
4/1/1999,1999,NL,NYN,New York Mets,E,N,Y,N,N,163,97,66,853,5572,1553,297,14,181,717,994,150,61,711,691,4.27,5,7,49
4/1/1999,1999,AL,OAK,Oakland Athletics,W,N,N,N,N,162,87,75,893,5519,1430,287,20,235,770,1129,70,37,846,749,4.69,6,5,48
4/1/1999,1999,NL,PHI,Philadelphia Phillies,E,N,N,N,N,162,77,85,841,5598,1539,302,44,161,631,1081,125,35,846,788,4.93,11,6,32
4/1/1999,1999,NL,PIT,Pittsburgh Pirates,C,N,N,N,N,161,78,83,775,5468,1417,282,40,171,573,1197,112,44,782,689,4.33,8,3,34
4/1/1999,1999,NL,SDN,San Diego Padres,W,N,N,N,N,162,74,88,710,5394,1360,256,22,153,631,1169,174,67,781,705,4.47,5,6,43
4/1/1999,1999,AL,SEA,Seattle Mariners,W,N,N,N,N,162,79,83,859,5572,1499,263,21,244,610,1095,130,45,905,834,5.24,7,6,40
4/1/1999,1999,NL,SFN,San Francisco Giants,W,N,N,N,N,162,86,76,872,5563,1507,307,18,188,696,1028,109,56,831,762,4.71,6,3,42
4/1/1999,1999,NL,SLN,St. Louis Cardinals,C,N,N,N,N,161,75,86,809,5570,1461,274,27,194,613,1202,134,48,838,761,4.74,5,3,38
4/1/1999,1999,AL,TBA,Tampa Bay Devil Rays,E,N,N,N,N,162,69,93,772,5586,1531,272,29,145,544,1042,73,49,913,805,5.06,6,5,45
4/1/1999,1999,AL,TEX,Texas Rangers,W,Y,N,N,N,162,95,67,945,5651,1653,304,29,230,611,937,111,54,859,809,5.07,6,9,47
4/1/1999,1999,AL,TOR,Toronto Blue Jays,E,N,N,N,N,162,84,78,883,5642,1580,337,14,212,578,1077,119,48,862,786,4.92,14,9,39
4/1/2000,2000,AL,ANA,Anaheim Angels,W,N,N,N,N,162,82,80,864,5628,1574,309,34,236,608,1024,93,52,869,805,5,5,3,46
4/1/2000,2000,NL,ARI,Arizona Diamondbacks,W,N,N,N,N,162,85,77,792,5527,1466,282,44,179,535,975,97,44,754,698,4.35,16,8,38
4/1/2000,2000,NL,ATL,Atlanta Braves,E,Y,N,N,N,162,95,67,810,5489,1490,274,26,179,595,1010,148,56,714,648,4.05,13,9,53
4/1/2000,2000,AL,BAL,Baltimore Orioles,E,N,N,N,N,162,74,88,794,5549,1508,310,22,184,558,900,126,65,913,855,5.37,14,6,33
4/1/2000,2000,AL,BOS,Boston Red Sox,E,N,N,N,N,162,85,77,792,5630,1503,316,32,167,611,1019,43,30,745,683,4.23,7,12,46
4/1/2000,2000,AL,CHA,Chicago White Sox,C,Y,N,N,N,162,95,67,978,5646,1615,325,33,216,591,960,119,42,839,751,4.66,5,7,43
4/1/2000,2000,NL,CHN,Chicago Cubs,C,N,N,N,N,162,65,97,764,5577,1426,272,23,183,632,1120,93,37,904,849,5.25,10,5,39
4/1/2000,2000,NL,CIN,Cincinnati Reds,C,N,N,N,N,163,85,77,825,5635,1545,302,36,200,559,995,100,38,765,700,4.33,8,7,42
4/1/2000,2000,AL,CLE,Cleveland Indians,C,N,N,N,N,162,90,72,950,5683,1639,310,30,221,685,1057,113,34,816,775,4.84,6,5,34
4/1/2000,2000,NL,COL,Colorado Rockies,W,N,N,N,N,162,82,80,968,5660,1664,320,53,161,601,907,131,61,897,835,5.26,7,2,33
4/1/2000,2000,AL,DET,Detroit Tigers,C,N,N,N,N,162,79,83,823,5644,1553,307,41,177,562,982,83,38,827,755,4.71,6,6,44
4/1/2000,2000,NL,FLO,Florida Marlins,E,N,N,N,N,161,79,82,731,5509,1441,274,29,160,540,1184,168,55,797,729,4.59,5,4,48
4/1/2000,2000,NL,HOU,Houston Astros,C,N,N,N,N,162,72,90,938,5570,1547,289,36,249,673,1129,114,52,944,865,5.42,8,2,30
4/1/2000,2000,AL,KCA,Kansas City Royals,C,N,N,N,N,162,77,85,879,5709,1644,281,27,150,511,840,121,35,930,876,5.48,10,6,29
4/1/2000,2000,NL,LAN,Los Angeles Dodgers,W,N,N,N,N,162,86,76,798,5481,1408,265,28,211,668,1083,95,42,729,659,4.1,9,11,36
4/1/2000,2000,NL,MIL,Milwaukee Brewers,C,N,N,N,N,163,73,89,740,5563,1366,297,25,177,620,1245,72,44,826,755,4.63,2,7,29
4/1/2000,2000,AL,MIN,Minnesota Twins,C,N,N,N,N,162,69,93,748,5615,1516,325,49,116,556,1021,90,45,880,819,5.14,6,4,35
4/1/2000,2000,NL,MON,Montreal Expos,E,N,N,N,N,162,67,95,738,5535,1475,310,35,178,476,1048,58,48,902,812,5.13,4,7,39
4/1/2000,2000,AL,NYA,New York Yankees,E,Y,N,Y,Y,161,87,74,871,5556,1541,294,25,205,631,1007,99,48,814,753,4.76,9,6,40
4/1/2000,2000,NL,NYN,New York Mets,E,N,Y,Y,N,162,94,68,807,5486,1445,281,20,198,675,1037,66,46,738,670,4.16,8,10,49
4/1/2000,2000,AL,OAK,Oakland Athletics,W,Y,N,N,N,161,91,70,947,5560,1501,281,23,239,750,1159,40,15,813,730,4.58,7,11,43
4/1/2000,2000,NL,PHI,Philadelphia Phillies,E,N,N,N,N,162,65,97,708,5511,1386,304,40,144,611,1117,102,30,830,763,4.77,8,6,34
4/1/2000,2000,NL,PIT,Pittsburgh Pirates,C,N,N,N,N,162,69,93,793,5643,1506,320,31,168,564,1032,86,40,888,795,4.94,5,7,27
4/1/2000,2000,NL,SDN,San Diego Padres,W,N,N,N,N,162,76,86,752,5560,1413,279,37,157,602,1177,131,53,815,733,4.52,5,5,46
4/1/2000,2000,AL,SEA,Seattle Mariners,W,N,Y,N,N,162,91,71,907,5497,1481,300,26,198,775,1073,122,56,780,720,4.49,4,10,44
4/1/2000,2000,NL,SFN,San Francisco Giants,W,Y,N,N,N,162,97,65,925,5519,1535,304,44,226,709,1032,79,39,747,675,4.21,9,15,47
4/1/2000,2000,NL,SLN,St. Louis Cardinals,C,Y,N,N,N,162,95,67,887,5478,1481,259,25,235,675,1253,87,51,771,698,4.38,10,7,37
4/1/2000,2000,AL,TBA,Tampa Bay Devil Rays,E,N,N,N,N,161,69,92,733,5505,1414,253,22,162,558,1022,90,46,842,773,4.86,10,8,38
4/1/2000,2000,AL,TEX,Texas Rangers,W,N,N,N,N,162,71,91,848,5648,1601,330,35,173,580,922,69,47,974,876,5.52,3,4,39
4/1/2000,2000,AL,TOR,Toronto Blue Jays,E,N,N,N,N,162,83,79,861,5677,1562,328,21,244,526,1026,89,34,908,821,5.14,15,4,37
4/1/2001,2001,AL,ANA,Anaheim Angels,W,N,N,N,N,162,75,87,691,5551,1447,275,26,158,494,1001,116,52,730,671,4.2,6,1,43
4/1/2001,2001,NL,ARI,Arizona Diamondbacks,W,Y,N,Y,Y,162,92,70,818,5595,1494,284,35,208,587,1052,71,38,677,627,3.87,12,13,34
4/1/2001,2001,NL,ATL,Atlanta Braves,E,Y,N,N,N,162,88,74,729,5498,1432,263,24,174,493,1039,85,46,643,578,3.59,5,13,41
4/1/2001,2001,AL,BAL,Baltimore Orioles,E,N,N,N,N,162,63,98,687,5472,1359,262,24,136,514,989,133,53,829,744,4.67,10,6,31
4/1/2001,2001,AL,BOS,Boston Red Sox,E,N,N,N,N,161,82,79,772,5605,1493,316,29,198,520,1131,46,35,745,667,4.15,3,9,48
4/1/2001,2001,AL,CHA,Chicago White Sox,C,N,N,N,N,162,83,79,798,5464,1463,300,29,214,520,998,123,59,795,725,4.55,8,9,51
4/1/2001,2001,NL,CHN,Chicago Cubs,C,N,N,N,N,162,88,74,777,5406,1409,268,32,194,577,1077,67,36,701,643,4.03,8,6,41
4/1/2001,2001,NL,CIN,Cincinnati Reds,C,N,N,N,N,162,66,96,735,5583,1464,304,22,176,468,1172,103,54,850,765,4.77,2,2,35
4/1/2001,2001,AL,CLE,Cleveland Indians,C,Y,N,N,N,162,91,71,897,5600,1559,294,37,212,577,1076,79,41,821,746,4.64,3,4,42
4/1/2001,2001,NL,COL,Colorado Rockies,W,N,N,N,N,162,73,89,923,5690,1663,324,61,213,511,1027,132,54,906,841,5.29,8,8,26
4/1/2001,2001,AL,DET,Detroit Tigers,C,N,N,N,N,162,66,96,724,5537,1439,291,60,139,466,972,133,61,876,795,5.01,16,2,34
4/1/2001,2001,NL,FLO,Florida Marlins,E,N,N,N,N,162,76,86,742,5542,1461,325,30,166,470,1145,89,40,744,691,4.32,5,11,32
4/1/2001,2001,NL,HOU,Houston Astros,C,Y,N,N,N,162,93,69,847,5528,1500,313,29,208,581,1119,64,49,769,707,4.37,7,6,48
4/1/2001,2001,AL,KCA,Kansas City Royals,C,N,N,N,N,162,65,97,729,5643,1503,277,37,152,406,898,100,42,858,779,4.87,5,1,30
4/1/2001,2001,NL,LAN,Los Angeles Dodgers,W,N,N,N,N,162,86,76,758,5493,1399,264,27,206,519,1062,89,42,744,685,4.25,3,5,46
4/1/2001,2001,NL,MIL,Milwaukee Brewers,C,N,N,N,N,162,68,94,740,5488,1378,273,30,209,488,1399,66,36,806,740,4.64,3,8,28
4/1/2001,2001,AL,MIN,Minnesota Twins,C,N,N,N,N,162,85,77,771,5560,1514,328,38,164,495,1083,146,67,766,722,4.51,12,8,45
4/1/2001,2001,NL,MON,Montreal Expos,E,N,N,N,N,162,68,94,670,5379,1361,320,28,131,478,1071,101,51,812,745,4.68,5,11,28
4/1/2001,2001,AL,NYA,New York Yankees,E,Y,N,Y,N,161,95,65,804,5577,1488,289,20,203,519,1035,161,53,713,649,4.02,7,9,57
4/1/2001,2001,NL,NYN,New York Mets,E,N,N,N,N,162,82,80,642,5459,1361,273,18,147,545,1062,66,48,713,654,4.07,6,14,48
4/1/2001,2001,AL,OAK,Oakland Athletics,W,N,Y,N,N,162,102,60,884,5573,1469,334,22,199,640,1021,68,29,645,583,3.59,13,9,44
4/1/2001,2001,NL,PHI,Philadelphia Phillies,E,N,N,N,N,162,86,76,746,5497,1431,295,29,164,551,1125,153,47,719,667,4.15,8,7,47
4/1/2001,2001,NL,PIT,Pittsburgh Pirates,C,N,N,N,N,162,62,100,657,5398,1333,256,25,161,467,1106,93,73,858,794,5.05,8,9,36
4/1/2001,2001,NL,SDN,San Diego Padres,W,N,N,N,N,162,79,83,789,5482,1379,273,26,161,678,1273,129,44,812,724,4.52,5,6,46
4/1/2001,2001,AL,SEA,Seattle Mariners,W,Y,N,N,N,162,116,46,927,5680,1637,310,38,169,614,989,174,42,627,576,3.54,8,14,56
4/1/2001,2001,NL,SFN,San Francisco Giants,W,N,N,N,N,162,90,72,799,5612,1493,304,40,235,625,1090,57,42,748,680,4.18,3,8,47
4/1/2001,2001,NL,SLN,St. Louis Cardinals,C,N,Y,N,N,162,93,69,814,5450,1469,274,32,199,529,1089,91,35,684,627,3.93,8,11,38
4/1/2001,2001,AL,TBA,Tampa Bay Devil Rays,E,N,N,N,N,162,62,100,672,5524,1426,311,21,121,456,1116,115,52,887,781,4.94,1,6,30
4/1/2001,2001,AL,TEX,Texas Rangers,W,N,N,N,N,162,73,89,890,5685,1566,326,23,246,548,1093,97,32,968,913,5.71,4,3,37
4/1/2001,2001,AL,TOR,Toronto Blue Jays,E,N,N,N,N,162,80,82,767,5663,1489,287,36,195,470,1094,156,55,753,696,4.28,7,10,41
4/1/2002,2002,AL,ANA,Anaheim Angels,W,N,Y,Y,Y,162,99,63,851,5678,1603,333,32,152,462,805,117,51,644,595,3.69,7,14,54
4/1/2002,2002,NL,ARI,Arizona Diamondbacks,W,Y,N,N,N,162,98,64,819,5508,1471,283,41,165,643,1016,92,46,674,630,3.92,14,10,40
4/1/2002,2002,NL,ATL,Atlanta Braves,E,Y,N,N,N,161,101,59,708,5495,1428,280,25,164,558,1028,76,39,565,511,3.13,3,15,57
4/1/2002,2002,AL,BAL,Baltimore Orioles,E,N,N,N,N,162,67,95,667,5491,1353,311,27,165,452,993,110,48,773,719,4.46,8,3,31
4/1/2002,2002,AL,BOS,Boston Red Sox,E,N,N,N,N,162,93,69,859,5640,1560,348,33,177,545,944,80,28,665,603,3.75,5,17,51
4/1/2002,2002,AL,CHA,Chicago White Sox,C,N,N,N,N,162,81,81,856,5502,1475,289,29,217,555,952,75,31,798,716,4.53,7,7,35
4/1/2002,2002,NL,CHN,Chicago Cubs,C,N,N,N,N,162,67,95,706,5496,1351,259,29,200,585,1269,63,21,759,687,4.29,11,9,23
4/1/2002,2002,NL,CIN,Cincinnati Reds,C,N,N,N,N,162,78,84,709,5470,1386,297,21,169,583,1188,116,52,774,690,4.27,2,8,42
4/1/2002,2002,AL,CLE,Cleveland Indians,C,N,N,N,N,162,74,88,739,5423,1349,255,26,192,542,1000,52,37,837,777,4.91,9,4,34
4/1/2002,2002,NL,COL,Colorado Rockies,W,N,N,N,N,162,73,89,778,5512,1508,283,41,152,497,1043,103,53,898,825,5.2,1,8,43
4/1/2002,2002,AL,DET,Detroit Tigers,C,N,N,N,N,161,55,106,575,5406,1340,265,37,124,363,1035,65,44,864,773,4.92,11,7,33
4/1/2002,2002,NL,FLO,Florida Marlins,E,N,N,N,N,162,79,83,699,5496,1433,280,32,146,595,1130,177,73,763,706,4.36,11,12,36
4/1/2002,2002,NL,HOU,Houston Astros,C,N,N,N,N,162,84,78,749,5503,1441,291,32,167,589,1120,71,27,695,642,4,2,11,43
4/1/2002,2002,AL,KCA,Kansas City Royals,C,N,N,N,N,162,62,100,737,5535,1415,285,42,140,524,921,140,65,891,834,5.21,12,6,30
4/1/2002,2002,NL,LAN,Los Angeles Dodgers,W,N,N,N,N,162,92,70,713,5554,1464,286,29,155,428,940,96,37,643,598,3.69,4,15,56
4/1/2002,2002,NL,MIL,Milwaukee Brewers,C,N,N,N,N,162,56,106,627,5415,1369,269,29,139,500,1125,94,50,821,752,4.73,7,4,32
4/1/2002,2002,AL,MIN,Minnesota Twins,C,Y,N,N,N,161,94,67,768,5582,1518,348,36,167,472,1089,79,62,712,662,4.12,8,9,47
4/1/2002,2002,NL,MON,Montreal Expos,E,N,N,N,N,162,83,79,735,5479,1432,300,36,162,575,1104,118,64,718,641,3.97,9,3,39
4/1/2002,2002,AL,NYA,New York Yankees,E,Y,N,N,N,161,103,58,897,5601,1540,314,12,223,640,1171,100,38,697,625,3.87,9,11,53
4/1/2002,2002,NL,NYN,New York Mets,E,N,N,N,N,161,75,86,690,5496,1409,238,22,160,486,1044,87,42,703,624,3.89,9,10,36
4/1/2002,2002,AL,OAK,Oakland Athletics,W,Y,N,N,N,162,103,59,800,5558,1450,279,28,205,609,1008,46,20,654,593,3.68,9,19,48
4/1/2002,2002,NL,PHI,Philadelphia Phillies,E,N,N,N,N,161,80,81,710,5523,1428,325,41,165,640,1095,104,43,724,671,4.17,5,9,47
4/1/2002,2002,NL,PIT,Pittsburgh Pirates,C,N,N,N,N,161,72,89,641,5330,1300,263,20,142,537,1109,86,49,730,664,4.23,2,7,47
4/1/2002,2002,NL,SDN,San Diego Padres,W,N,N,N,N,162,66,96,662,5515,1393,243,29,136,547,1062,71,44,815,737,4.62,5,10,40
4/1/2002,2002,AL,SEA,Seattle Mariners,W,N,N,N,N,162,93,69,814,5569,1531,285,31,152,629,1003,137,58,699,654,4.07,8,12,43
4/1/2002,2002,NL,SFN,San Francisco Giants,W,N,Y,Y,N,162,95,66,783,5497,1465,300,35,198,616,961,74,21,616,566,3.54,10,13,43
4/1/2002,2002,NL,SLN,St. Louis Cardinals,C,Y,N,N,N,162,97,65,787,5505,1475,285,26,175,542,927,86,42,648,595,3.7,4,9,42
4/1/2002,2002,AL,TBA,Tampa Bay Devil Rays,E,N,N,N,N,161,55,106,673,5604,1418,297,35,133,456,1115,102,45,918,846,5.29,12,3,25
4/1/2002,2002,AL,TEX,Texas Rangers,W,N,N,N,N,162,72,90,843,5618,1510,304,27,230,554,1055,62,34,882,824,5.15,4,4,33
4/1/2002,2002,AL,TOR,Toronto Blue Jays,E,N,N,N,N,162,78,84,813,5581,1457,305,38,187,522,1142,71,18,828,767,4.8,6,6,41
4/1/2003,2003,AL,ANA,Anaheim Angels,W,N,N,N,N,162,77,85,736,5487,1473,276,33,150,476,838,129,61,743,680,4.28,5,9,39
4/1/2003,2003,NL,ARI,Arizona Diamondbacks,W,N,N,N,N,162,84,78,717,5570,1467,303,47,152,531,1006,76,38,685,621,3.84,7,11,42
4/1/2003,2003,NL,ATL,Atlanta Braves,E,Y,N,N,N,162,101,61,907,5670,1608,321,31,235,545,933,68,22,740,663,4.1,4,7,51
4/1/2003,2003,AL,BAL,Baltimore Orioles,E,N,N,N,N,163,71,91,743,5665,1516,277,24,152,431,902,89,36,820,767,4.76,9,3,41
4/1/2003,2003,AL,BOS,Boston Red Sox,E,N,Y,N,N,162,95,67,961,5769,1667,371,40,238,620,943,88,35,809,729,4.48,5,6,36
4/1/2003,2003,AL,CHA,Chicago White Sox,C,N,N,N,N,162,86,76,791,5487,1445,303,19,220,519,916,77,29,715,663,4.17,12,4,36
4/1/2003,2003,NL,CHN,Chicago Cubs,C,Y,N,N,N,162,88,74,724,5519,1431,302,24,172,492,1158,73,31,683,619,3.83,13,14,36
4/1/2003,2003,NL,CIN,Cincinnati Reds,C,N,N,N,N,162,69,93,694,5509,1349,239,21,182,524,1326,80,34,886,818,5.09,4,5,38
4/1/2003,2003,AL,CLE,Cleveland Indians,C,N,N,N,N,162,68,94,699,5572,1413,296,26,158,466,1062,86,61,778,682,4.21,5,7,34
4/1/2003,2003,NL,COL,Colorado Rockies,W,N,N,N,N,162,74,88,853,5518,1472,330,31,198,619,1134,63,37,892,821,5.2,3,4,34
4/1/2003,2003,AL,DET,Detroit Tigers,C,N,N,N,N,162,43,119,591,5466,1312,201,39,153,443,1099,98,63,928,847,5.3,3,5,27
4/1/2003,2003,NL,FLO,Florida Marlins,E,N,Y,Y,Y,162,91,71,751,5490,1459,292,44,157,515,978,150,74,692,648,4.04,7,11,36
4/1/2003,2003,NL,HOU,Houston Astros,C,N,N,N,N,162,87,75,805,5583,1466,308,30,191,557,1021,66,30,677,622,3.86,1,5,50
4/1/2003,2003,AL,KCA,Kansas City Royals,C,N,N,N,N,162,83,79,836,5568,1526,288,39,162,476,926,120,42,867,808,5.05,7,10,36
4/1/2003,2003,NL,LAN,Los Angeles Dodgers,W,N,N,N,N,162,85,77,574,5458,1328,260,25,124,407,985,80,36,556,511,3.16,3,17,58
4/1/2003,2003,NL,MIL,Milwaukee Brewers,C,N,N,N,N,162,68,94,714,5548,1423,266,24,196,547,1221,99,39,873,810,5.02,5,3,44
4/1/2003,2003,AL,MIN,Minnesota Twins,C,Y,N,N,N,162,90,72,801,5655,1567,318,45,155,512,1027,94,44,758,716,4.41,7,8,45
4/1/2003,2003,NL,MON,Montreal Expos,E,N,N,N,N,162,83,79,711,5437,1404,294,25,144,522,990,100,39,716,640,4.01,15,10,42
4/1/2003,2003,AL,NYA,New York Yankees,E,Y,N,Y,N,163,101,61,877,5605,1518,304,14,230,684,1042,98,33,716,653,4.02,8,12,49
4/1/2003,2003,NL,NYN,New York Mets,E,N,N,N,N,161,66,95,642,5341,1317,262,24,124,489,1035,70,31,754,704,4.48,3,10,38
4/1/2003,2003,AL,OAK,Oakland Athletics,W,Y,N,N,N,162,96,66,768,5497,1398,317,24,176,556,898,48,14,643,582,3.63,16,14,48
4/1/2003,2003,NL,PHI,Philadelphia Phillies,E,N,N,N,N,162,86,76,791,5543,1448,325,27,166,651,1155,72,29,697,648,4.04,9,13,33
4/1/2003,2003,NL,PIT,Pittsburgh Pirates,C,N,N,N,N,162,75,87,753,5581,1492,275,45,163,529,1049,86,37,801,744,4.64,7,10,44
4/1/2003,2003,NL,SDN,San Diego Padres,W,N,N,N,N,162,64,98,678,5531,1442,257,32,128,565,1073,76,39,831,774,4.87,2,10,31
4/1/2003,2003,AL,SEA,Seattle Mariners,W,N,N,N,N,162,93,69,795,5561,1509,290,33,139,586,989,108,37,637,602,3.76,8,15,38
4/1/2003,2003,NL,SFN,San Francisco Giants,W,Y,N,N,N,161,100,61,755,5456,1440,281,29,180,593,980,53,37,638,595,3.73,7,10,43
4/1/2003,2003,NL,SLN,St. Louis Cardinals,C,N,N,N,N,162,85,77,876,5672,1580,342,32,196,580,952,82,32,796,748,4.6,9,10,41
4/1/2003,2003,AL,TBA,Tampa Bay Devil Rays,E,N,N,N,N,162,63,99,715,5654,1501,298,38,137,420,1030,142,42,852,787,4.93,7,7,30
4/1/2003,2003,AL,TEX,Texas Rangers,W,N,N,N,N,162,71,91,826,5664,1506,274,36,239,488,1052,65,25,969,903,5.67,4,3,43
4/1/2003,2003,AL,TOR,Toronto Blue Jays,E,N,N,N,N,162,86,76,894,5661,1580,357,33,190,546,1081,37,25,826,748,4.69,14,6,35
4/1/2004,2004,AL,ANA,Anaheim Angels,W,Y,N,N,N,162,92,70,836,5675,1603,272,37,162,450,942,143,46,734,692,4.28,2,11,50
4/1/2004,2004,NL,ARI,Arizona Diamondbacks,W,N,N,N,N,162,51,111,615,5544,1401,295,38,135,441,1022,53,32,899,794,4.98,5,6,33
4/1/2004,2004,NL,ATL,Atlanta Braves,E,Y,N,N,N,162,96,66,803,5570,1503,304,37,178,587,1158,86,32,668,603,3.74,4,13,48
4/1/2004,2004,AL,BAL,Baltimore Orioles,E,N,N,N,N,162,78,84,842,5736,1614,319,18,169,528,949,101,41,830,760,4.7,8,10,27
4/1/2004,2004,AL,BOS,Boston Red Sox,E,N,Y,Y,Y,162,98,64,949,5720,1613,373,25,222,659,1189,68,30,768,674,4.18,4,12,36
4/1/2004,2004,AL,CHA,Chicago White Sox,C,N,N,N,N,162,83,79,865,5534,1481,284,19,242,499,1030,78,51,831,782,4.91,8,8,34
4/1/2004,2004,NL,CHN,Chicago Cubs,C,N,N,N,N,162,89,73,789,5628,1508,308,29,235,489,1080,66,28,665,621,3.81,3,6,42
4/1/2004,2004,NL,CIN,Cincinnati Reds,C,N,N,N,N,162,76,86,750,5518,1380,287,28,194,599,1335,77,25,907,832,5.19,5,8,47
4/1/2004,2004,AL,CLE,Cleveland Indians,C,N,N,N,N,162,80,82,858,5676,1565,345,29,184,606,1009,94,55,857,784,4.81,8,8,32
4/1/2004,2004,NL,COL,Colorado Rockies,W,N,N,N,N,162,68,94,833,5577,1531,331,34,202,568,1181,44,33,923,883,5.54,3,2,36
4/1/2004,2004,AL,DET,Detroit Tigers,C,N,N,N,N,162,72,90,827,5623,1531,284,54,201,518,1144,86,50,844,788,4.93,7,9,35
4/1/2004,2004,NL,FLO,Florida Marlins,E,N,N,N,N,162,83,79,718,5486,1447,275,32,148,499,968,96,43,700,655,4.1,6,14,53
4/1/2004,2004,NL,HOU,Houston Astros,C,N,Y,N,N,162,92,70,803,5468,1458,294,36,187,590,999,89,30,698,650,4.05,2,13,47
4/1/2004,2004,AL,KCA,Kansas City Royals,C,N,N,N,N,162,58,104,720,5538,1432,261,29,150,461,1057,67,48,905,813,5.15,6,3,25
4/1/2004,2004,NL,LAN,Los Angeles Dodgers,W,Y,N,N,N,162,93,69,761,5542,1450,226,30,203,536,1092,102,41,684,647,4.01,2,6,51
4/1/2004,2004,NL,MIL,Milwaukee Brewers,C,N,N,N,N,161,67,94,634,5483,1358,295,32,135,540,1312,138,40,757,679,4.24,6,10,42
4/1/2004,2004,AL,MIN,Minnesota Twins,C,Y,N,N,N,162,92,70,780,5623,1494,310,24,191,513,982,116,46,715,661,4.03,4,9,48
4/1/2004,2004,NL,MON,Montreal Expos,E,N,N,N,N,162,67,95,635,5474,1361,276,27,151,496,925,109,38,769,696,4.33,11,11,31
4/1/2004,2004,AL,NYA,New York Yankees,E,Y,N,N,N,162,101,61,897,5527,1483,281,20,242,670,982,84,33,808,752,4.69,1,5,59
4/1/2004,2004,NL,NYN,New York Mets,E,N,N,N,N,162,71,91,684,5532,1376,289,20,185,512,1159,107,23,731,658,4.09,2,6,31
4/1/2004,2004,AL,OAK,Oakland Athletics,W,N,N,N,N,162,91,71,793,5728,1545,336,15,189,608,1061,47,22,742,682,4.17,10,8,35
4/1/2004,2004,NL,PHI,Philadelphia Phillies,E,N,N,N,N,162,86,76,840,5643,1505,303,23,215,645,1133,100,27,781,724,4.45,4,5,43
4/1/2004,2004,NL,PIT,Pittsburgh Pirates,C,N,N,N,N,161,72,89,680,5483,1428,267,39,142,415,1066,63,40,744,680,4.29,3,8,46
4/1/2004,2004,NL,SDN,San Diego Padres,W,N,N,N,N,162,87,75,768,5573,1521,304,32,139,566,910,52,25,705,645,4.03,3,8,44
4/1/2004,2004,AL,SEA,Seattle Mariners,W,N,N,N,N,162,63,99,698,5722,1544,276,20,136,492,1058,110,42,823,772,4.76,7,7,28
4/1/2004,2004,NL,SFN,San Francisco Giants,W,N,N,N,N,162,91,71,850,5546,1500,314,33,183,705,874,43,23,770,695,4.29,8,8,46
4/1/2004,2004,NL,SLN,St. Louis Cardinals,C,Y,N,Y,N,162,105,57,855,5555,1544,319,24,214,548,1085,111,47,659,605,3.75,4,12,57
4/1/2004,2004,AL,TBA,Tampa Bay Devil Rays,E,N,N,N,N,161,70,91,714,5483,1416,278,46,145,469,944,132,42,842,757,4.81,3,5,35
4/1/2004,2004,AL,TEX,Texas Rangers,W,N,N,N,N,162,89,73,860,5615,1492,323,34,227,500,1099,69,36,794,724,4.53,5,9,52
4/1/2004,2004,AL,TOR,Toronto Blue Jays,E,N,N,N,N,161,67,94,719,5531,1438,290,34,145,513,1083,58,31,823,775,4.91,6,11,37
4/1/2005,2005,NL,ARI,Arizona Diamondbacks,W,N,N,N,N,162,77,85,696,5550,1419,291,27,191,606,1094,67,26,856,783,4.84,6,10,45
4/1/2005,2005,NL,ATL,Atlanta Braves,E,Y,N,N,N,162,90,72,769,5486,1453,308,37,184,534,1084,92,32,674,639,3.98,8,12,38
4/1/2005,2005,AL,BAL,Baltimore Orioles,E,N,N,N,N,162,74,88,729,5551,1492,296,27,189,447,902,83,37,800,724,4.56,2,9,38
4/1/2005,2005,AL,BOS,Boston Red Sox,E,N,Y,N,N,162,95,67,910,5626,1579,339,21,199,653,1044,45,12,805,752,4.74,6,8,38
4/1/2005,2005,AL,CHA,Chicago White Sox,C,Y,N,Y,Y,162,99,63,741,5529,1450,253,23,200,435,1002,137,67,645,592,3.61,9,10,54
4/1/2005,2005,NL,CHN,Chicago Cubs,C,N,N,N,N,162,79,83,703,5584,1506,323,23,194,419,920,65,39,714,671,4.19,8,10,39
4/1/2005,2005,NL,CIN,Cincinnati Reds,C,N,N,N,N,163,73,89,820,5565,1453,335,15,222,611,1303,72,23,889,820,5.15,2,1,31
4/1/2005,2005,AL,CLE,Cleveland Indians,C,N,N,N,N,162,93,69,790,5609,1522,337,30,207,503,1093,62,36,642,582,3.61,6,10,51
4/1/2005,2005,NL,COL,Colorado Rockies,W,N,N,N,N,162,67,95,740,5542,1477,280,34,150,509,1103,65,32,862,808,5.13,4,4,37
4/1/2005,2005,AL,DET,Detroit Tigers,C,N,N,N,N,162,71,91,723,5602,1521,283,45,168,384,1038,66,28,787,719,4.51,7,2,37
4/1/2005,2005,NL,FLO,Florida Marlins,E,N,N,N,N,162,83,79,717,5502,1499,306,32,128,512,918,96,38,732,666,4.16,14,15,42
4/1/2005,2005,NL,HOU,Houston Astros,C,N,Y,Y,N,163,89,73,693,5462,1400,281,32,161,481,1037,115,44,609,563,3.51,6,11,45
4/1/2005,2005,AL,KCA,Kansas City Royals,C,N,N,N,N,162,56,106,701,5503,1445,289,34,126,424,1008,53,33,935,862,5.49,4,4,25
4/1/2005,2005,AL,LAA,Los Angeles Angels of Anaheim,W,Y,N,N,N,162,95,67,761,5624,1520,278,30,147,447,848,161,57,643,598,3.68,7,11,54
4/1/2005,2005,NL,LAN,Los Angeles Dodgers,W,N,N,N,N,162,71,91,685,5433,1374,284,21,149,541,1094,58,35,755,695,4.38,6,9,40
4/1/2005,2005,NL,MIL,Milwaukee Brewers,C,N,N,N,N,162,81,81,726,5448,1413,327,19,175,531,1162,79,34,697,635,3.97,7,6,46
4/1/2005,2005,AL,MIN,Minnesota Twins,C,N,N,N,N,162,83,79,688,5564,1441,269,32,134,485,978,102,44,662,604,3.71,9,8,44
4/1/2005,2005,AL,NYA,New York Yankees,E,Y,N,N,N,162,95,67,886,5624,1552,259,16,229,637,989,84,27,789,718,4.52,8,14,46
4/1/2005,2005,NL,NYN,New York Mets,E,N,N,N,N,162,83,79,722,5505,1421,279,32,175,486,1075,153,40,648,599,3.76,8,11,38
4/1/2005,2005,AL,OAK,Oakland Athletics,W,N,N,N,N,162,88,74,772,5627,1476,310,20,155,537,819,31,22,658,594,3.69,9,12,38
4/1/2005,2005,NL,PHI,Philadelphia Phillies,E,N,N,N,N,162,88,74,807,5542,1494,282,35,167,639,1083,116,27,726,672,4.21,4,6,40
4/1/2005,2005,NL,PIT,Pittsburgh Pirates,C,N,N,N,N,162,67,95,680,5573,1445,292,38,139,471,1092,73,30,769,706,4.42,4,14,35
4/1/2005,2005,NL,SDN,San Diego Padres,W,Y,N,N,N,162,82,80,684,5502,1416,269,39,130,600,977,99,44,726,668,4.13,4,8,45
4/1/2005,2005,AL,SEA,Seattle Mariners,W,N,N,N,N,162,69,93,699,5507,1408,289,34,130,466,986,102,47,751,712,4.49,6,7,39
4/1/2005,2005,NL,SFN,San Francisco Giants,W,N,N,N,N,162,75,87,649,5462,1427,299,26,128,431,901,71,35,745,695,4.33,4,8,46
4/1/2005,2005,NL,SLN,St. Louis Cardinals,C,Y,N,N,N,162,100,62,805,5538,1494,287,26,170,534,947,83,36,634,560,3.49,15,14,48
4/1/2005,2005,AL,TBA,Tampa Bay Devil Rays,E,N,N,N,N,162,67,95,750,5552,1519,289,40,157,412,990,151,49,936,851,5.39,1,4,43
4/1/2005,2005,AL,TEX,Texas Rangers,W,N,N,N,N,162,79,83,865,5716,1528,311,29,260,495,1112,67,15,858,794,4.96,2,6,46
4/1/2005,2005,AL,TOR,Toronto Blue Jays,E,N,N,N,N,162,80,82,775,5581,1480,307,39,136,486,955,72,35,705,653,4.06,9,8,35
4/1/2005,2005,NL,WAS,Washington Nationals,E,N,N,N,N,162,81,81,639,5426,1367,311,32,117,491,1090,45,45,673,627,3.87,4,9,51
4/1/2006,2006,NL,ARI,Arizona Diamondbacks,W,N,N,N,N,162,76,86,773,5645,1506,331,38,160,504,965,76,30,788,727,4.48,8,9,34
4/1/2006,2006,NL,ATL,Atlanta Braves,E,N,N,N,N,162,79,83,849,5583,1510,312,26,222,526,1169,52,35,805,736,4.6,6,6,38
4/1/2006,2006,AL,BAL,Baltimore Orioles,E,N,N,N,N,162,70,92,768,5610,1556,288,20,164,474,878,121,32,899,843,5.35,5,9,35
4/1/2006,2006,AL,BOS,Boston Red Sox,E,N,N,N,N,162,86,76,820,5619,1510,327,16,192,672,1056,51,23,825,773,4.83,3,6,46
4/1/2006,2006,AL,CHA,Chicago White Sox,C,N,N,N,N,162,90,72,868,5657,1586,291,20,236,502,1056,93,48,794,743,4.61,5,11,46
4/1/2006,2006,NL,CHN,Chicago Cubs,C,N,N,N,N,162,66,96,716,5587,1496,271,46,166,395,928,121,49,834,758,4.74,2,7,29
4/1/2006,2006,NL,CIN,Cincinnati Reds,C,N,N,N,N,162,80,82,749,5515,1419,291,12,217,614,1192,124,33,801,725,4.51,9,10,36
4/1/2006,2006,AL,CLE,Cleveland Indians,C,N,N,N,N,162,78,84,870,5619,1576,351,27,196,556,1204,55,23,782,698,4.41,13,13,24
4/1/2006,2006,NL,COL,Colorado Rockies,W,N,N,N,N,162,76,86,813,5562,1504,325,54,157,561,1108,85,50,812,749,4.66,5,8,34
4/1/2006,2006,AL,DET,Detroit Tigers,C,N,Y,Y,N,162,95,67,822,5642,1548,294,40,203,430,1133,60,40,675,618,3.84,3,16,46
4/1/2006,2006,NL,FLO,Florida Marlins,E,N,N,N,N,162,78,84,758,5502,1454,309,42,182,497,1249,110,58,772,696,4.37,6,6,41
4/1/2006,2006,NL,HOU,Houston Astros,C,N,N,N,N,162,82,80,735,5521,1407,275,27,174,585,1076,79,36,719,666,4.08,5,12,42
4/1/2006,2006,AL,KCA,Kansas City Royals,C,N,N,N,N,162,62,100,757,5589,1515,335,37,124,474,1040,65,34,971,896,5.65,3,5,35
4/1/2006,2006,AL,LAA,Los Angeles Angels of Anaheim,W,N,N,N,N,162,89,73,766,5609,1539,309,29,159,486,914,148,57,732,652,4.04,5,12,50
4/1/2006,2006,NL,LAN,Los Angeles Dodgers,W,N,Y,N,N,162,88,74,820,5628,1552,307,58,153,601,959,128,49,751,686,4.23,1,10,40
4/1/2006,2006,NL,MIL,Milwaukee Brewers,C,N,N,N,N,162,75,87,730,5433,1400,301,20,180,502,1233,71,37,833,763,4.82,7,8,43
4/1/2006,2006,AL,MIN,Minnesota Twins,C,Y,N,N,N,162,96,66,801,5602,1608,275,34,143,490,872,101,42,683,632,3.95,1,6,40
4/1/2006,2006,AL,NYA,New York Yankees,E,Y,N,N,N,162,97,65,930,5651,1608,327,21,210,649,1053,139,35,767,708,4.41,5,8,43
4/1/2006,2006,NL,NYN,New York Mets,E,Y,N,N,N,162,97,65,834,5558,1469,323,41,200,547,1071,146,35,731,673,4.14,5,12,43
4/1/2006,2006,AL,OAK,Oakland Athletics,W,Y,N,N,N,162,93,69,771,5500,1429,266,22,175,650,976,61,20,727,679,4.21,5,11,54
4/1/2006,2006,NL,PHI,Philadelphia Phillies,E,N,N,N,N,162,85,77,865,5687,1518,294,41,216,626,1203,92,25,812,747,4.6,4,6,42
4/1/2006,2006,NL,PIT,Pittsburgh Pirates,C,N,N,N,N,162,67,95,691,5558,1462,286,17,141,459,1200,68,23,797,720,4.52,2,10,39
4/1/2006,2006,NL,SDN,San Diego Padres,W,Y,N,N,N,162,88,74,731,5576,1465,298,38,161,564,1104,123,31,679,629,3.87,4,11,50
4/1/2006,2006,AL,SEA,Seattle Mariners,W,N,N,N,N,162,78,84,756,5670,1540,266,42,172,404,974,106,37,792,739,4.6,6,6,47
4/1/2006,2006,NL,SFN,San Francisco Giants,W,N,N,N,N,161,76,85,746,5472,1418,297,52,163,494,891,58,25,790,735,4.63,7,9,37
4/1/2006,2006,NL,SLN,St. Louis Cardinals,C,Y,N,Y,Y,161,83,78,781,5522,1484,292,27,184,531,922,59,32,762,721,4.54,6,9,38
4/1/2006,2006,AL,TBA,Tampa Bay Devil Rays,E,N,N,N,N,162,61,101,689,5474,1395,267,33,190,441,1106,134,52,856,782,4.96,3,7,33
4/1/2006,2006,AL,TEX,Texas Rangers,W,N,N,N,N,162,80,82,835,5659,1571,357,23,183,505,1061,53,24,784,731,4.6,3,8,42
4/1/2006,2006,AL,TOR,Toronto Blue Jays,E,N,N,N,N,162,87,75,809,5596,1591,348,27,199,514,906,65,33,754,694,4.37,6,6,42
4/1/2006,2006,NL,WAS,Washington Nationals,E,N,N,N,N,162,71,91,746,5495,1437,322,22,164,594,1156,123,62,872,803,5.03,1,3,32
4/1/2007,2007,NL,ARI,Arizona Diamondbacks,W,Y,N,N,N,162,90,72,712,5398,1350,286,40,171,532,1111,109,24,732,662,4.13,7,12,51
4/1/2007,2007,NL,ATL,Atlanta Braves,E,N,N,N,N,162,84,78,810,5689,1562,328,27,176,534,1149,64,30,733,665,4.11,1,6,36
4/1/2007,2007,AL,BAL,Baltimore Orioles,E,N,N,N,N,162,69,93,756,5631,1529,306,30,142,500,939,144,42,868,827,5.17,4,9,30
4/1/2007,2007,AL,BOS,Boston Red Sox,E,Y,N,Y,Y,162,96,66,867,5589,1561,352,35,166,689,1042,96,24,657,618,3.87,5,13,45
4/1/2007,2007,AL,CHA,Chicago White Sox,C,N,N,N,N,162,72,90,693,5441,1341,249,20,190,532,1149,78,45,839,763,4.77,9,9,42
4/1/2007,2007,NL,CHN,Chicago Cubs,C,Y,N,N,N,162,85,77,752,5643,1530,340,28,151,500,1054,86,33,690,650,4.04,2,10,39
4/1/2007,2007,NL,CIN,Cincinnati Reds,C,N,N,N,N,162,72,90,783,5607,1496,293,23,204,536,1113,97,31,853,796,4.94,6,7,34
4/1/2007,2007,AL,CLE,Cleveland Indians,C,Y,N,N,N,162,96,66,811,5604,1504,305,27,178,590,1202,72,41,704,658,4.05,9,9,49
4/1/2007,2007,NL,COL,Colorado Rockies,W,N,Y,Y,N,163,90,73,860,5691,1591,313,36,171,622,1152,100,31,758,706,4.32,4,7,39
4/1/2007,2007,AL,DET,Detroit Tigers,C,N,N,N,N,162,88,74,887,5757,1652,352,50,177,474,1054,103,30,797,735,4.57,1,9,44
4/1/2007,2007,NL,FLO,Florida Marlins,E,N,N,N,N,162,71,91,790,5627,1504,340,38,201,521,1332,105,34,891,793,4.94,0,4,40
4/1/2007,2007,NL,HOU,Houston Astros,C,N,N,N,N,162,73,89,723,5605,1457,293,30,167,547,1043,65,33,813,761,4.68,2,6,38
4/1/2007,2007,AL,KCA,Kansas City Royals,C,N,N,N,N,162,69,93,706,5534,1447,300,46,102,428,1069,78,44,778,716,4.48,2,6,36
4/1/2007,2007,AL,LAA,Los Angeles Angels of Anaheim,W,Y,N,N,N,162,94,68,822,5554,1578,324,23,123,507,883,139,55,731,674,4.23,5,9,43
4/1/2007,2007,NL,LAN,Los Angeles Dodgers,W,N,N,N,N,162,82,80,735,5614,1544,276,35,129,511,864,137,50,727,677,4.2,4,6,43
4/1/2007,2007,NL,MIL,Milwaukee Brewers,C,N,N,N,N,162,83,79,801,5554,1455,310,37,231,501,1137,96,32,776,708,4.41,3,6,49
4/1/2007,2007,AL,MIN,Minnesota Twins,C,N,N,N,N,162,79,83,718,5522,1460,273,36,118,512,839,112,30,725,663,4.15,5,8,38
4/1/2007,2007,AL,NYA,New York Yankees,E,N,Y,N,N,162,94,68,968,5717,1656,326,32,201,637,991,123,40,777,724,4.49,1,5,34
4/1/2007,2007,NL,NYN,New York Mets,E,N,N,N,N,162,88,74,804,5605,1543,294,27,177,549,981,200,46,750,687,4.26,2,10,39
4/1/2007,2007,AL,OAK,Oakland Athletics,W,N,N,N,N,162,76,86,741,5577,1430,295,16,171,664,1119,52,20,758,689,4.28,4,9,36
4/1/2007,2007,NL,PHI,Philadelphia Phillies,E,Y,N,N,N,162,89,73,892,5688,1558,326,41,213,641,1205,138,19,821,767,4.73,5,5,42
4/1/2007,2007,NL,PIT,Pittsburgh Pirates,C,N,N,N,N,162,68,94,724,5569,1463,322,31,148,463,1135,68,30,846,793,4.93,4,5,32
4/1/2007,2007,NL,SDN,San Diego Padres,W,N,N,N,N,163,89,74,741,5612,1408,322,31,171,557,1229,55,24,666,611,3.7,1,20,45
4/1/2007,2007,AL,SEA,Seattle Mariners,W,N,N,N,N,162,88,74,794,5684,1629,284,22,153,389,861,81,30,813,754,4.73,6,12,43
4/1/2007,2007,NL,SFN,San Francisco Giants,W,N,N,N,N,162,71,91,683,5538,1407,267,37,131,532,907,119,33,720,677,4.19,5,10,37
4/1/2007,2007,NL,SLN,St. Louis Cardinals,C,N,N,N,N,162,78,84,725,5529,1513,279,13,141,506,909,56,33,829,741,4.65,2,8,34
4/1/2007,2007,AL,TBA,Tampa Bay Devil Rays,E,N,N,N,N,162,66,96,782,5593,1500,291,36,187,545,1324,131,48,944,879,5.53,2,2,28
4/1/2007,2007,AL,TEX,Texas Rangers,W,N,N,N,N,162,75,87,816,5555,1460,298,36,179,503,1224,88,25,844,755,4.75,0,6,42
4/1/2007,2007,AL,TOR,Toronto Blue Jays,E,N,N,N,N,162,83,79,753,5536,1434,344,24,165,533,1044,57,22,699,644,4,11,9,44
4/1/2007,2007,NL,WAS,Washington Nationals,E,N,N,N,N,162,73,89,673,5520,1415,309,31,123,524,1128,69,23,783,736,4.58,0,6,46
4/1/2008,2008,NL,ARI,Arizona Diamondbacks,W,N,N,N,N,162,82,80,720,5409,1355,318,47,159,587,1287,58,23,706,635,3.98,6,9,39
4/1/2008,2008,NL,ATL,Atlanta Braves,E,N,N,N,N,162,72,90,753,5604,1514,316,33,130,618,1023,58,27,778,714,4.46,2,7,26
4/1/2008,2008,AL,BAL,Baltimore Orioles,E,N,N,N,N,161,68,93,782,5559,1486,322,30,172,533,990,81,37,869,810,5.13,4,4,35
4/1/2008,2008,AL,BOS,Boston Red Sox,E,N,Y,N,N,162,95,67,845,5596,1565,353,33,173,646,1068,120,35,694,645,4.01,5,16,47
4/1/2008,2008,AL,CHA,Chicago White Sox,C,Y,N,N,N,163,89,74,811,5553,1458,296,13,235,540,1016,67,34,729,658,4.06,4,10,34
4/1/2008,2008,NL,CHN,Chicago Cubs,C,Y,N,N,N,161,97,64,855,5588,1552,329,21,184,636,1186,87,34,671,624,3.87,2,8,44
4/1/2008,2008,NL,CIN,Cincinnati Reds,C,N,N,N,N,162,74,88,704,5465,1351,269,24,187,560,1125,85,47,800,729,4.55,2,6,34
4/1/2008,2008,AL,CLE,Cleveland Indians,C,N,N,N,N,162,81,81,805,5543,1455,339,22,171,560,1213,77,29,761,711,4.45,10,13,31
4/1/2008,2008,NL,COL,Colorado Rockies,W,N,N,N,N,162,74,88,747,5557,1462,310,28,160,570,1209,141,37,822,766,4.77,3,8,36
4/1/2008,2008,AL,DET,Detroit Tigers,C,N,N,N,N,162,74,88,821,5641,1529,293,41,200,572,1076,63,31,857,786,4.9,1,2,34
4/1/2008,2008,NL,FLO,Florida Marlins,E,N,N,N,N,161,84,77,770,5499,1397,302,28,208,543,1371,76,28,767,707,4.43,2,8,36
4/1/2008,2008,NL,HOU,Houston Astros,C,N,N,N,N,161,86,75,712,5451,1432,284,22,167,449,1051,114,52,743,691,4.36,4,13,48
4/1/2008,2008,AL,KCA,Kansas City Royals,C,N,N,N,N,162,75,87,691,5608,1507,303,28,120,392,1005,79,38,781,720,4.48,2,8,44
4/1/2008,2008,AL,LAA,Los Angeles Angels of Anaheim,W,Y,N,N,N,162,100,62,765,5540,1486,274,25,159,481,987,129,48,697,644,3.99,7,10,66
4/1/2008,2008,NL,LAN,Los Angeles Dodgers,W,Y,N,N,N,162,84,78,700,5506,1455,271,29,137,543,1032,126,43,648,591,3.68,5,11,35
4/1/2008,2008,NL,MIL,Milwaukee Brewers,C,N,Y,N,N,162,90,72,750,5535,1398,324,35,198,550,1203,108,38,689,623,3.85,12,10,45
4/1/2008,2008,AL,MIN,Minnesota Twins,C,N,N,N,N,163,88,75,829,5641,1572,298,49,111,529,979,102,42,745,675,4.16,5,10,42
4/1/2008,2008,AL,NYA,New York Yankees,E,N,N,N,N,162,89,73,789,5572,1512,289,20,180,535,1015,118,39,727,685,4.28,1,11,42
4/1/2008,2008,NL,NYN,New York Mets,E,N,N,N,N,162,89,73,799,5606,1491,274,38,172,619,1024,138,36,715,662,4.07,5,12,43
4/1/2008,2008,AL,OAK,Oakland Athletics,W,N,N,N,N,161,75,86,646,5451,1318,270,23,125,574,1226,88,21,690,640,4.01,4,7,33
4/1/2008,2008,NL,PHI,Philadelphia Phillies,E,Y,N,Y,Y,162,92,70,799,5509,1407,291,36,214,586,1117,136,25,680,625,3.88,4,11,47
4/1/2008,2008,NL,PIT,Pittsburgh Pirates,C,N,N,N,N,162,67,95,735,5628,1454,314,21,153,474,1039,57,19,884,822,5.08,3,7,34
4/1/2008,2008,NL,SDN,San Diego Padres,W,N,N,N,N,162,63,99,637,5568,1390,264,27,154,518,1259,36,17,764,714,4.41,3,6,30
4/1/2008,2008,AL,SEA,Seattle Mariners,W,N,N,N,N,162,61,101,671,5643,1498,285,20,124,417,890,90,32,811,754,4.73,4,4,36
4/1/2008,2008,NL,SFN,San Francisco Giants,W,N,N,N,N,162,72,90,640,5543,1452,311,37,94,452,1044,108,46,759,701,4.38,4,12,41
4/1/2008,2008,NL,SLN,St. Louis Cardinals,C,N,N,N,N,162,86,76,779,5636,1585,283,26,174,577,985,73,32,725,677,4.19,2,7,42
4/1/2008,2008,AL,TBA,Tampa Bay Rays,E,Y,N,Y,N,162,97,65,774,5541,1443,284,37,180,626,1224,142,50,671,618,3.82,7,12,52
4/1/2008,2008,AL,TEX,Texas Rangers,W,N,N,N,N,162,79,83,901,5728,1619,376,35,194,595,1207,81,25,967,860,5.37,6,8,36
4/1/2008,2008,AL,TOR,Toronto Blue Jays,E,N,N,N,N,162,86,76,714,5503,1453,303,32,126,521,938,80,27,610,561,3.49,15,13,44
4/1/2008,2008,NL,WAS,Washington Nationals,E,N,N,N,N,161,59,102,641,5491,1376,269,26,117,534,1095,81,43,825,742,4.66,2,8,28
4/1/2009,2009,NL,ARI,Arizona Diamondbacks,W,N,N,N,N,162,70,92,720,5565,1408,307,45,173,571,1298,102,40,782,711,4.42,4,12,36
4/1/2009,2009,NL,ATL,Atlanta Braves,E,N,N,N,N,162,86,76,735,5539,1459,300,20,149,602,1064,58,26,641,581,3.57,3,10,38
4/1/2009,2009,AL,BAL,Baltimore Orioles,E,N,N,N,N,162,64,98,741,5618,1508,307,19,160,517,1013,76,37,876,817,5.15,2,3,31
4/1/2009,2009,AL,BOS,Boston Red Sox,E,N,Y,N,N,162,95,67,872,5543,1495,335,25,212,659,1120,126,39,736,695,4.35,8,11,41
4/1/2009,2009,AL,CHA,Chicago White Sox,C,N,N,N,N,162,79,83,724,5463,1410,246,20,184,534,1022,113,49,732,663,4.14,4,11,36
4/1/2009,2009,NL,CHN,Chicago Cubs,C,N,N,N,N,161,83,78,707,5486,1398,293,29,161,592,1185,56,34,672,616,3.84,3,8,40
4/1/2009,2009,NL,CIN,Cincinnati Reds,C,N,N,N,N,162,78,84,673,5462,1349,280,25,158,531,1129,96,40,723,677,4.18,6,12,41
4/1/2009,2009,AL,CLE,Cleveland Indians,C,N,N,N,N,162,65,97,773,5568,1468,314,28,161,582,1211,84,31,865,806,5.06,5,6,25
4/1/2009,2009,NL,COL,Colorado Rockies,W,N,Y,N,N,162,92,70,804,5398,1408,300,50,190,660,1277,106,55,715,675,4.22,5,7,45
4/1/2009,2009,AL,DET,Detroit Tigers,C,N,N,N,N,163,86,77,743,5540,1443,245,35,183,540,1114,72,33,745,690,4.29,4,9,42
4/1/2009,2009,NL,FLO,Florida Marlins,E,N,N,N,N,162,87,75,772,5572,1493,296,25,159,568,1226,75,35,766,690,4.29,5,5,45
4/1/2009,2009,NL,HOU,Houston Astros,C,N,N,N,N,162,74,88,643,5436,1415,270,32,142,448,990,113,44,770,722,4.54,5,10,39
4/1/2009,2009,AL,KCA,Kansas City Royals,C,N,N,N,N,162,65,97,686,5532,1432,276,51,144,457,1091,88,29,842,765,4.83,10,9,34
4/1/2009,2009,AL,LAA,Los Angeles Angels of Anaheim,W,Y,N,N,N,162,97,65,883,5622,1604,293,33,173,547,1054,148,63,761,715,4.45,9,13,51
4/1/2009,2009,NL,LAN,Los Angeles Dodgers,W,Y,N,N,N,162,95,67,780,5592,1511,278,39,145,607,1068,116,48,611,558,3.41,1,9,44
4/1/2009,2009,NL,MIL,Milwaukee Brewers,C,N,N,N,N,162,80,82,785,5510,1447,281,37,182,610,1231,68,37,818,770,4.83,1,8,44
4/1/2009,2009,AL,MIN,Minnesota Twins,C,Y,N,N,N,163,87,76,817,5608,1539,271,40,172,585,1021,85,32,765,726,4.5,4,7,48
4/1/2009,2009,AL,NYA,New York Yankees,E,Y,N,Y,Y,162,103,59,915,5660,1604,325,21,244,663,1014,111,28,753,687,4.26,3,8,51
4/1/2009,2009,NL,NYN,New York Mets,E,N,N,N,N,162,70,92,671,5453,1472,295,49,95,526,928,122,44,757,705,4.45,3,12,39
4/1/2009,2009,AL,OAK,Oakland Athletics,W,N,N,N,N,162,75,87,759,5584,1464,307,21,135,527,1046,133,48,761,685,4.26,2,10,38
4/1/2009,2009,NL,PHI,Philadelphia Phillies,E,Y,N,Y,N,162,93,69,820,5578,1439,312,35,224,589,1155,119,28,709,673,4.16,8,9,44
4/1/2009,2009,NL,PIT,Pittsburgh Pirates,C,N,N,N,N,161,62,99,636,5417,1364,289,34,125,499,1142,90,32,768,723,4.59,5,7,28
4/1/2009,2009,NL,SDN,San Diego Padres,W,N,N,N,N,162,75,87,638,5425,1315,265,31,141,586,1182,82,29,769,704,4.37,2,9,45
4/1/2009,2009,AL,SEA,Seattle Mariners,W,N,N,N,N,162,85,77,640,5543,1430,280,19,160,421,1093,89,33,692,625,3.87,4,10,49
4/1/2009,2009,NL,SFN,San Francisco Giants,W,N,N,N,N,162,88,74,657,5493,1411,275,43,122,392,1158,78,28,611,571,3.55,11,18,41
4/1/2009,2009,NL,SLN,St. Louis Cardinals,C,Y,N,N,N,162,91,71,730,5465,1436,294,29,160,528,1041,75,31,640,586,3.66,8,11,43
4/1/2009,2009,AL,TBA,Tampa Bay Rays,E,N,N,N,N,162,84,78,803,5462,1434,297,36,199,642,1229,194,61,754,686,4.33,3,5,41
4/1/2009,2009,AL,TEX,Texas Rangers,W,N,N,N,N,162,87,75,784,5526,1436,296,27,224,472,1253,149,36,740,698,4.38,8,11,45
4/1/2009,2009,AL,TOR,Toronto Blue Jays,E,N,N,N,N,162,75,87,798,5696,1516,339,13,209,548,1028,73,23,771,720,4.47,10,10,25
4/1/2009,2009,NL,WAS,Washington Nationals,E,N,N,N,N,162,59,103,710,5493,1416,271,38,156,617,1208,73,40,874,791,5,6,3,33
4/1/2010,2010,NL,ARI,Arizona Diamondbacks,W,N,N,N,N,162,65,97,713,5473,1366,301,34,180,589,1529,86,41,836,765,4.81,3,3,35
4/1/2010,2010,NL,ATL,Atlanta Braves,E,N,Y,N,N,162,91,71,738,5463,1411,312,25,139,634,1140,63,29,629,569,3.56,2,9,41
4/1/2010,2010,AL,BAL,Baltimore Orioles,E,N,N,N,N,162,66,96,613,5554,1440,264,21,133,424,1056,76,34,785,733,4.59,3,7,35
4/1/2010,2010,AL,BOS,Boston Red Sox,E,N,N,N,N,162,89,73,818,5646,1511,358,22,211,587,1140,68,17,744,679,4.2,3,9,44
4/1/2010,2010,AL,CHA,Chicago White Sox,C,N,N,N,N,162,88,74,752,5484,1467,263,21,177,467,922,160,74,704,658,4.09,6,11,43
4/1/2010,2010,NL,CHN,Chicago Cubs,C,N,N,N,N,162,75,87,685,5512,1414,298,27,149,479,1236,55,31,767,668,4.18,1,14,40
4/1/2010,2010,NL,CIN,Cincinnati Reds,C,Y,N,N,N,162,91,71,790,5579,1515,293,30,188,522,1218,93,43,685,648,4.01,4,9,43
4/1/2010,2010,AL,CLE,Cleveland Indians,C,N,N,N,N,162,69,93,646,5487,1362,290,20,128,545,1184,91,33,752,684,4.3,10,4,34
4/1/2010,2010,NL,COL,Colorado Rockies,W,N,N,N,N,162,83,79,770,5530,1452,270,54,173,585,1274,99,41,717,663,4.14,6,12,35
4/1/2010,2010,AL,DET,Detroit Tigers,C,N,N,N,N,162,81,81,751,5643,1515,308,32,152,546,1147,69,30,743,690,4.3,6,5,32
4/1/2010,2010,NL,FLO,Florida Marlins,E,N,N,N,N,162,80,82,719,5531,1403,294,37,152,514,1375,92,26,717,652,4.08,5,17,39
4/1/2010,2010,NL,HOU,Houston Astros,C,N,N,N,N,162,76,86,611,5452,1348,252,25,108,415,1025,100,36,729,654,4.09,4,11,45
4/1/2010,2010,AL,KCA,Kansas City Royals,C,N,N,N,N,162,67,95,676,5604,1534,279,31,121,471,905,115,50,845,794,4.97,7,3,44
4/1/2010,2010,AL,LAA,Los Angeles Angels of Anaheim,W,N,N,N,N,162,80,82,681,5488,1363,276,19,155,466,1070,104,52,702,651,4.04,10,9,39
4/1/2010,2010,NL,LAN,Los Angeles Dodgers,W,N,N,N,N,162,80,82,667,5426,1368,270,29,120,533,1184,92,50,692,643,4.01,4,16,41
4/1/2010,2010,NL,MIL,Milwaukee Brewers,C,N,N,N,N,162,77,85,750,5606,1471,293,33,182,546,1216,81,26,804,733,4.58,3,7,35
4/1/2010,2010,AL,MIN,Minnesota Twins,C,Y,N,N,N,162,94,68,781,5568,1521,318,41,142,559,967,68,28,671,638,3.95,9,13,40
4/1/2010,2010,AL,NYA,New York Yankees,E,N,Y,N,N,162,95,67,859,5567,1485,275,32,201,662,1136,103,30,693,651,4.06,3,8,39
4/1/2010,2010,NL,NYN,New York Mets,E,N,N,N,N,162,79,83,656,5465,1361,266,40,128,502,1095,130,44,652,597,3.7,8,19,36
4/1/2010,2010,AL,OAK,Oakland Athletics,W,N,N,N,N,162,81,81,663,5448,1396,276,30,109,527,1061,156,38,626,566,3.56,7,17,38
4/1/2010,2010,NL,PHI,Philadelphia Phillies,E,Y,N,N,N,162,97,65,772,5581,1451,290,34,166,560,1064,108,21,640,594,3.67,14,21,40
4/1/2010,2010,NL,PIT,Pittsburgh Pirates,C,N,N,N,N,162,57,105,587,5386,1303,276,27,126,463,1207,87,36,866,784,5,1,6,31
4/1/2010,2010,NL,SDN,San Diego Padres,W,N,N,N,N,162,90,72,665,5434,1338,236,24,132,538,1183,124,50,581,549,3.39,2,20,49
4/1/2010,2010,AL,SEA,Seattle Mariners,W,N,N,N,N,162,61,101,513,5409,1274,227,16,101,459,1184,142,39,698,628,3.93,11,10,38
4/1/2010,2010,NL,SFN,San Francisco Giants,W,Y,N,Y,Y,162,92,70,697,5488,1411,284,30,162,487,1099,55,32,583,546,3.36,6,17,57
4/1/2010,2010,NL,SLN,St. Louis Cardinals,C,N,N,N,N,162,86,76,736,5542,1456,285,18,150,541,1027,79,41,641,577,3.57,7,16,32
4/1/2010,2010,AL,TBA,Tampa Bay Rays,E,Y,N,N,N,162,96,66,802,5439,1343,295,37,160,672,1292,172,47,649,611,3.78,6,12,51
4/1/2010,2010,AL,TEX,Texas Rangers,W,Y,N,Y,N,162,90,72,787,5635,1556,268,25,162,511,986,123,48,687,636,3.93,7,8,46
4/1/2010,2010,AL,TOR,Toronto Blue Jays,E,N,N,N,N,162,85,77,755,5495,1364,319,21,257,471,1164,58,20,728,676,4.22,5,11,45
4/1/2010,2010,NL,WAS,Washington Nationals,E,N,N,N,N,162,69,93,655,5418,1355,250,31,149,503,1220,110,41,742,658,4.13,2,5,37
4/1/2011,2011,NL,ARI,Arizona Diamondbacks,W,Y,N,N,N,162,94,68,731,5421,1357,293,37,172,531,1249,133,55,662,609,3.8,5,12,58
4/1/2011,2011,NL,ATL,Atlanta Braves,E,N,N,N,N,162,89,73,641,5528,1345,244,16,173,504,1260,77,44,605,572,3.48,3,16,52
4/1/2011,2011,AL,BAL,Baltimore Orioles,E,N,N,N,N,162,69,93,708,5585,1434,273,13,191,452,1120,81,25,860,786,4.89,3,7,32
4/1/2011,2011,AL,BOS,Boston Red Sox,E,N,N,N,N,162,90,72,875,5710,1600,352,35,203,578,1108,102,42,737,680,4.2,2,13,36
4/1/2011,2011,AL,CHA,Chicago White Sox,C,N,N,N,N,162,79,83,654,5502,1387,252,16,154,475,989,81,53,706,665,4.1,6,14,42
4/1/2011,2011,NL,CHN,Chicago Cubs,C,N,N,N,N,162,71,91,654,5549,1423,285,36,148,425,1202,69,23,756,690,4.33,4,5,40
4/1/2011,2011,NL,CIN,Cincinnati Reds,C,N,N,N,N,162,79,83,735,5612,1438,264,19,183,535,1250,97,50,720,678,4.16,4,5,39
4/1/2011,2011,AL,CLE,Cleveland Indians,C,N,N,N,N,162,80,82,704,5509,1380,290,26,154,494,1269,89,42,760,683,4.23,2,4,38
4/1/2011,2011,NL,COL,Colorado Rockies,W,N,N,N,N,162,73,89,735,5544,1429,274,40,163,555,1201,118,42,774,713,4.43,5,7,41
4/1/2011,2011,AL,DET,Detroit Tigers,C,Y,N,N,N,162,95,67,787,5563,1540,297,34,169,521,1143,49,20,711,647,4.04,4,14,52
4/1/2011,2011,NL,FLO,Florida Marlins,E,N,N,N,N,162,72,90,625,5508,1358,274,30,149,542,1244,95,41,702,640,3.95,7,11,40
4/1/2011,2011,NL,HOU,Houston Astros,C,N,N,N,N,162,56,106,615,5598,1442,309,28,95,401,1164,118,33,796,719,4.51,2,6,25
4/1/2011,2011,AL,KCA,Kansas City Royals,C,N,N,N,N,162,71,91,730,5672,1560,325,41,129,442,1006,153,58,762,716,4.44,2,6,37
4/1/2011,2011,AL,LAA,Los Angeles Angels of Anaheim,W,N,N,N,N,162,86,76,667,5513,1394,289,34,155,442,1086,135,52,633,581,3.57,12,11,39
4/1/2011,2011,NL,LAN,Los Angeles Dodgers,W,N,N,N,N,161,82,79,644,5436,1395,237,28,117,498,1087,126,40,612,563,3.54,7,17,40
4/1/2011,2011,NL,MIL,Milwaukee Brewers,C,Y,N,N,N,162,96,66,721,5447,1422,276,31,185,481,1083,94,31,638,582,3.63,1,13,47
4/1/2011,2011,AL,MIN,Minnesota Twins,C,N,N,N,N,162,63,99,619,5487,1357,259,25,103,440,1048,92,39,804,724,4.58,7,8,32
4/1/2011,2011,AL,NYA,New York Yankees,E,Y,N,N,N,162,97,65,867,5518,1452,267,33,222,627,1138,147,46,657,605,3.73,5,8,47
4/1/2011,2011,NL,NYN,New York Mets,E,N,N,N,N,162,77,85,718,5600,1477,309,39,108,571,1085,130,35,742,674,4.19,6,9,43
4/1/2011,2011,AL,OAK,Oakland Athletics,W,N,N,N,N,162,74,88,645,5452,1330,280,29,114,509,1094,117,43,679,597,3.71,6,12,39
4/1/2011,2011,NL,PHI,Philadelphia Phillies,E,Y,N,N,N,162,102,60,713,5579,1409,258,38,153,539,1024,96,24,529,495,3.02,18,21,47
4/1/2011,2011,NL,PIT,Pittsburgh Pirates,C,N,N,N,N,162,72,90,610,5421,1325,277,35,107,489,1308,108,52,712,650,4.04,5,11,43
4/1/2011,2011,NL,SDN,San Diego Padres,W,N,N,N,N,162,71,91,593,5417,1284,247,42,91,501,1320,170,44,611,551,3.42,0,10,44
4/1/2011,2011,AL,SEA,Seattle Mariners,W,N,N,N,N,162,67,95,556,5421,1263,253,22,109,435,1280,125,40,675,621,3.9,12,10,39
4/1/2011,2011,NL,SFN,San Francisco Giants,W,N,N,N,N,162,86,76,570,5486,1327,282,24,121,448,1122,85,51,578,522,3.2,3,12,52
4/1/2011,2011,NL,SLN,St. Louis Cardinals,C,N,Y,Y,Y,162,90,72,762,5532,1513,308,22,162,542,978,57,39,692,608,3.74,7,9,47
4/1/2011,2011,AL,TBA,Tampa Bay Rays,E,N,Y,N,N,162,91,71,707,5436,1324,273,37,172,571,1193,155,62,614,577,3.58,15,13,32
4/1/2011,2011,AL,TEX,Texas Rangers,W,Y,N,Y,N,162,96,66,855,5659,1599,310,32,210,475,930,143,45,677,607,3.79,10,19,38
4/1/2011,2011,AL,TOR,Toronto Blue Jays,E,N,N,N,N,162,81,81,743,5559,1384,285,34,186,525,1184,131,52,761,700,4.32,7,10,33
4/1/2011,2011,NL,WAS,Washington Nationals,E,N,N,N,N,161,80,81,624,5441,1319,257,22,154,470,1323,106,38,643,577,3.58,3,10,49
4/1/2012,2012,NL,ARI,Arizona Diamondbacks,W,N,N,N,N,162,81,81,734,5462,1416,307,33,165,539,1266,93,51,688,626,3.93,4,9,39
4/1/2012,2012,NL,ATL,Atlanta Braves,E,N,Y,N,N,162,94,68,700,5425,1341,263,30,149,567,1289,101,32,600,549,3.42,5,16,47
4/1/2012,2012,AL,BAL,Baltimore Orioles,E,N,Y,N,N,162,93,69,712,5560,1375,270,16,214,480,1315,58,29,705,642,3.9,1,10,55
4/1/2012,2012,AL,BOS,Boston Red Sox,E,N,N,N,N,162,69,93,734,5604,1459,339,16,165,428,1197,97,31,806,754,4.7,6,4,35
4/1/2012,2012,AL,CHA,Chicago White Sox,C,N,N,N,N,162,85,77,748,5518,1409,228,29,211,461,1203,109,43,676,646,4.02,6,11,37
4/1/2012,2012,NL,CHN,Chicago Cubs,C,N,N,N,N,162,61,101,613,5411,1297,265,36,137,447,1235,94,45,759,708,4.51,1,9,28
4/1/2012,2012,NL,CIN,Cincinnati Reds,C,Y,N,N,N,162,97,65,669,5477,1377,296,30,172,481,1266,87,27,588,540,3.34,9,12,56
4/1/2012,2012,AL,CLE,Cleveland Indians,C,N,N,N,N,162,68,94,667,5525,1385,266,24,136,555,1087,110,44,845,766,4.78,2,6,43
4/1/2012,2012,NL,COL,Colorado Rockies,W,N,N,N,N,162,64,98,758,5577,1526,306,52,166,450,1213,100,40,890,824,5.22,0,7,36
4/1/2012,2012,AL,DET,Detroit Tigers,C,Y,N,Y,N,162,88,74,726,5476,1467,279,39,163,511,1103,59,23,670,596,3.75,9,8,40
4/1/2012,2012,NL,HOU,Houston Astros,C,N,N,N,N,162,55,107,583,5407,1276,238,28,146,463,1365,105,46,794,721,4.56,3,11,31
4/1/2012,2012,AL,KCA,Kansas City Royals,C,N,N,N,N,162,72,90,676,5636,1492,295,37,131,404,1032,132,38,746,693,4.3,2,12,44
4/1/2012,2012,AL,LAA,Los Angeles Angels of Anaheim,W,N,N,N,N,162,89,73,767,5536,1518,273,22,187,449,1113,134,33,699,640,4.02,6,16,38
4/1/2012,2012,NL,LAN,Los Angeles Dodgers,W,N,N,N,N,162,86,76,637,5438,1369,269,23,116,481,1156,104,44,597,538,3.34,2,10,40
4/1/2012,2012,NL,MIA,Miami Marlins,E,N,N,N,N,162,69,93,609,5437,1327,261,39,137,484,1228,149,41,724,655,4.09,5,7,38
4/1/2012,2012,NL,MIL,Milwaukee Brewers,C,N,N,N,N,162,83,79,776,5557,1442,300,39,202,466,1240,158,39,733,682,4.22,0,9,44
4/1/2012,2012,AL,MIN,Minnesota Twins,C,N,N,N,N,162,66,96,701,5562,1448,270,30,131,505,1069,135,37,832,762,4.77,3,6,35
4/1/2012,2012,AL,NYA,New York Yankees,E,Y,N,N,N,162,95,67,804,5524,1462,280,13,245,565,1176,93,27,668,617,3.84,6,9,51
4/1/2012,2012,NL,NYN,New York Mets,E,N,N,N,N,162,74,88,650,5450,1357,286,21,139,503,1250,79,38,709,651,4.09,7,13,36
4/1/2012,2012,AL,OAK,Oakland Athletics,W,Y,N,N,N,162,94,68,713,5527,1315,267,32,195,550,1387,122,32,614,569,3.48,1,13,47
4/1/2012,2012,NL,PHI,Philadelphia Phillies,E,N,N,N,N,162,81,81,684,5544,1414,271,28,158,454,1094,116,23,680,618,3.83,5,11,42
4/1/2012,2012,NL,PIT,Pittsburgh Pirates,C,N,N,N,N,162,79,83,651,5412,1313,241,37,170,444,1354,73,52,674,615,3.86,2,10,45
4/1/2012,2012,NL,SDN,San Diego Padres,W,N,N,N,N,162,76,86,651,5422,1339,272,43,121,539,1238,155,46,710,640,4.01,4,11,43
4/1/2012,2012,AL,SEA,Seattle Mariners,W,N,N,N,N,162,75,87,619,5494,1285,241,27,149,466,1259,104,35,651,608,3.76,8,11,43
4/1/2012,2012,NL,SFN,San Francisco Giants,W,Y,N,Y,Y,162,94,68,718,5558,1495,287,57,103,483,1097,118,39,649,593,3.68,5,14,53
4/1/2012,2012,NL,SLN,St. Louis Cardinals,C,N,Y,N,N,162,88,74,765,5622,1526,290,37,159,533,1192,91,37,648,603,3.71,4,10,42
4/1/2012,2012,AL,TBA,Tampa Bay Rays,E,N,N,N,N,162,90,72,697,5398,1293,250,30,175,571,1323,134,44,577,518,3.19,7,15,50
4/1/2012,2012,AL,TEX,Texas Rangers,W,N,Y,N,N,162,93,69,808,5590,1526,303,32,200,478,1103,91,44,707,639,3.99,7,10,43
4/1/2012,2012,AL,TOR,Toronto Blue Jays,E,N,N,N,N,162,73,89,716,5487,1346,247,22,198,473,1251,123,41,784,745,4.64,5,11,29
4/1/2012,2012,NL,WAS,Washington Nationals,E,Y,N,N,N,162,98,64,731,5615,1468,301,25,194,479,1325,105,35,594,543,3.33,3,9,51
4/1/2013,2013,NL,ARI,Arizona Diamondbacks,W,N,N,N,N,162,81,81,685,5676,1468,302,31,130,519,1142,62,41,695,651,3.92,6,7,38
4/1/2013,2013,NL,ATL,Atlanta Braves,E,Y,N,N,N,162,96,66,688,5441,1354,247,21,181,542,1384,64,31,548,512,3.18,1,12,53
4/1/2013,2013,AL,BAL,Baltimore Orioles,E,N,N,N,N,162,85,77,745,5620,1460,298,14,212,416,1125,79,29,709,678,4.2,2,6,57
4/1/2013,2013,AL,BOS,Boston Red Sox,E,Y,N,Y,Y,162,97,65,853,5651,1566,363,29,178,581,1308,123,19,656,613,3.79,5,8,33
4/1/2013,2013,AL,CHA,Chicago White Sox,C,N,N,N,N,162,63,99,598,5563,1385,237,19,148,411,1207,105,42,723,643,3.98,5,5,40
4/1/2013,2013,NL,CHN,Chicago Cubs,C,N,N,N,N,162,66,96,602,5498,1307,297,18,172,439,1230,63,32,689,643,4,3,6,39
4/1/2013,2013,NL,CIN,Cincinnati Reds,C,N,Y,N,N,162,90,72,698,5499,1370,274,20,155,585,1245,67,35,589,554,3.38,5,17,43
4/1/2013,2013,AL,CLE,Cleveland Indians,C,N,Y,N,N,162,92,70,745,5465,1391,290,23,171,562,1283,117,36,662,611,3.82,3,16,38
4/1/2013,2013,NL,COL,Colorado Rockies,W,N,N,N,N,162,74,88,706,5599,1511,283,36,159,427,1204,112,32,760,708,4.44,1,5,35
4/1/2013,2013,AL,DET,Detroit Tigers,C,Y,N,N,N,162,93,69,796,5735,1625,292,23,176,531,1073,35,20,624,587,3.61,3,12,39
4/1/2013,2013,AL,HOU,Houston Astros,W,N,N,N,N,162,51,111,610,5457,1307,266,16,148,426,1535,110,61,848,766,4.79,2,5,32
4/1/2013,2013,AL,KCA,Kansas City Royals,C,N,N,N,N,162,86,76,648,5549,1443,254,34,112,422,1048,153,32,601,555,3.45,5,12,52
4/1/2013,2013,AL,LAA,Los Angeles Angels of Anaheim,W,N,N,N,N,162,78,84,733,5588,1476,270,39,164,523,1221,82,34,737,685,4.23,4,12,41
4/1/2013,2013,NL,LAN,Los Angeles Dodgers,W,Y,N,N,N,162,92,70,649,5491,1447,281,17,138,476,1146,78,28,582,524,3.25,7,22,46
4/1/2013,2013,NL,MIA,Miami Marlins,E,N,N,N,N,162,62,100,513,5449,1257,219,31,95,432,1232,78,29,646,602,3.71,2,13,36
4/1/2013,2013,NL,MIL,Milwaukee Brewers,C,N,N,N,N,162,74,88,640,5474,1381,238,43,157,407,1183,142,50,687,615,3.84,4,15,40
4/1/2013,2013,AL,MIN,Minnesota Twins,C,N,N,N,N,162,66,96,614,5564,1346,285,15,151,533,1430,52,33,788,733,4.55,1,7,40
4/1/2013,2013,AL,NYA,New York Yankees,E,N,N,N,N,162,85,77,650,5449,1321,247,24,144,466,1214,115,31,671,633,3.94,7,10,49
4/1/2013,2013,NL,NYN,New York Mets,E,N,N,N,N,162,74,88,619,5559,1318,263,32,130,512,1384,114,35,684,618,3.77,4,10,40
4/1/2013,2013,AL,OAK,Oakland Athletics,W,Y,N,N,N,162,96,66,767,5521,1403,301,25,186,573,1178,74,28,625,574,3.56,6,13,46
4/1/2013,2013,NL,PHI,Philadelphia Phillies,E,N,N,N,N,162,73,89,610,5456,1355,255,32,140,417,1205,73,29,749,689,4.32,6,3,32
4/1/2013,2013,NL,PIT,Pittsburgh Pirates,C,N,Y,N,N,162,94,68,634,5486,1346,273,35,161,469,1330,94,42,577,533,3.26,3,16,55
4/1/2013,2013,NL,SDN,San Diego Padres,W,N,N,N,N,162,76,86,618,5517,1349,246,26,146,467,1309,118,34,700,643,3.98,3,6,40
4/1/2013,2013,AL,SEA,Seattle Mariners,W,N,N,N,N,162,71,91,624,5558,1318,249,17,188,529,1353,49,23,754,702,4.31,4,14,43
4/1/2013,2013,NL,SFN,San Francisco Giants,W,N,N,N,N,162,76,86,629,5552,1446,280,35,107,469,1078,67,26,691,643,4,2,13,41
4/1/2013,2013,NL,SLN,St. Louis Cardinals,C,Y,N,Y,N,162,97,65,783,5557,1494,322,20,125,481,1110,45,22,596,555,3.42,7,15,44
4/1/2013,2013,AL,TBA,Tampa Bay Rays,E,N,Y,N,N,163,92,71,700,5538,1421,296,23,165,589,1171,73,38,646,608,3.74,9,17,42
4/1/2013,2013,AL,TEX,Texas Rangers,W,N,N,N,N,163,91,72,730,5585,1465,262,23,176,462,1067,149,46,636,589,3.62,4,10,46
4/1/2013,2013,AL,TOR,Toronto Blue Jays,E,N,N,N,N,162,74,88,712,5537,1398,273,24,185,510,1123,112,41,756,685,4.25,4,11,39
4/1/2013,2013,NL,WAS,Washington Nationals,E,N,N,N,N,162,86,76,656,5436,1365,259,27,161,464,1192,88,28,626,576,3.59,6,13,47
4/1/2014,2014,NL,ARI,Arizona Diamondbacks,W,N,N,N,N,162,64,98,615,5552,1379,259,47,118,398,1165,86,33,742,683,4.26,2,4,35
4/1/2014,2014,NL,ATL,Atlanta Braves,E,N,N,N,N,162,79,83,573,5468,1316,240,22,123,472,1369,95,33,597,547,3.38,5,13,54
4/1/2014,2014,AL,BAL,Baltimore Orioles,E,Y,N,N,N,162,96,66,705,5596,1434,264,16,211,401,1285,44,20,593,557,3.43,3,13,53
4/1/2014,2014,AL,BOS,Boston Red Sox,E,N,N,N,N,162,71,91,634,5551,1355,282,20,123,535,1337,63,25,715,653,4.01,3,7,36
4/1/2014,2014,AL,CHA,Chicago White Sox,C,N,N,N,N,162,73,89,660,5543,1400,279,32,155,417,1362,85,36,758,687,4.29,3,6,36
4/1/2014,2014,NL,CHN,Chicago Cubs,C,N,N,N,N,162,73,89,614,5508,1315,270,31,157,442,1477,65,40,707,636,3.91,1,11,37
4/1/2014,2014,NL,CIN,Cincinnati Reds,C,N,N,N,N,162,76,86,595,5395,1282,254,20,131,415,1252,122,52,612,576,3.59,5,13,44
4/1/2014,2014,AL,CLE,Cleveland Indians,C,N,N,N,N,162,85,77,669,5575,1411,284,23,142,504,1189,104,27,653,581,3.56,6,15,40
4/1/2014,2014,NL,COL,Colorado Rockies,W,N,N,N,N,162,66,96,755,5612,1551,307,41,186,397,1281,85,48,818,770,4.84,1,4,24
4/1/2014,2014,AL,DET,Detroit Tigers,C,Y,N,N,N,162,90,72,757,5630,1557,325,26,155,443,1144,106,41,705,648,4.01,5,8,41
4/1/2014,2014,AL,HOU,Houston Astros,W,N,N,N,N,162,70,92,629,5447,1317,240,19,163,495,1442,122,37,723,657,4.11,7,3,31
4/1/2014,2014,AL,KCA,Kansas City Royals,C,N,Y,Y,N,162,89,73,651,5545,1456,286,29,95,380,985,153,36,624,565,3.51,3,14,53
4/1/2014,2014,AL,LAA,Los Angeles Angels of Anaheim,W,Y,N,N,N,162,98,64,773,5652,1464,304,31,155,492,1266,81,39,630,590,3.58,3,13,46
4/1/2014,2014,NL,LAN,Los Angeles Dodgers,W,Y,N,N,N,162,94,68,718,5560,1476,302,38,134,519,1246,138,50,617,554,3.4,7,16,47
4/1/2014,2014,NL,MIA,Miami Marlins,E,N,N,N,N,162,77,85,645,5538,1399,254,36,122,501,1419,58,21,674,613,3.78,3,16,42
4/1/2014,2014,NL,MIL,Milwaukee Brewers,C,N,N,N,N,162,82,80,650,5462,1366,297,28,150,423,1197,102,43,657,594,3.67,3,9,45
4/1/2014,2014,AL,MIN,Minnesota Twins,C,N,N,N,N,162,70,92,715,5567,1412,316,27,128,544,1329,99,36,777,728,4.57,2,7,38
4/1/2014,2014,AL,NYA,New York Yankees,E,N,N,N,N,162,84,78,633,5497,1349,247,26,147,452,1133,112,26,664,605,3.75,5,10,48
4/1/2014,2014,NL,NYN,New York Mets,E,N,N,N,N,162,79,83,629,5472,1306,275,19,125,516,1264,101,34,618,568,3.49,1,11,42
4/1/2014,2014,AL,OAK,Oakland Athletics,W,N,Y,N,N,162,88,74,729,5545,1354,253,33,146,586,1104,83,20,572,524,3.22,7,13,31
4/1/2014,2014,NL,PHI,Philadelphia Phillies,E,N,N,N,N,162,73,89,619,5603,1356,251,27,125,443,1306,109,26,687,619,3.79,2,12,40
4/1/2014,2014,NL,PIT,Pittsburgh Pirates,C,N,Y,N,N,162,88,74,682,5536,1436,275,30,156,520,1244,104,47,631,562,3.47,2,7,48
4/1/2014,2014,NL,SDN,San Diego Padres,W,N,N,N,N,162,77,85,535,5294,1199,224,30,109,468,1294,91,34,577,523,3.27,4,10,41
4/1/2014,2014,AL,SEA,Seattle Mariners,W,N,N,N,N,162,87,75,634,5450,1328,247,32,136,396,1232,96,42,554,512,3.17,2,9,51
4/1/2014,2014,NL,SFN,San Francisco Giants,W,N,Y,Y,Y,162,88,74,665,5523,1407,257,42,132,427,1245,56,27,614,564,3.5,8,12,46
4/1/2014,2014,NL,SLN,St. Louis Cardinals,C,Y,N,N,N,162,90,72,619,5426,1371,275,21,105,471,1133,57,32,603,564,3.5,8,23,55
4/1/2014,2014,AL,TBA,Tampa Bay Rays,E,N,N,N,N,162,77,85,612,5516,1361,263,24,117,527,1124,63,27,625,579,3.56,3,22,37
4/1/2014,2014,AL,TEX,Texas Rangers,W,N,N,N,N,162,67,95,637,5460,1400,260,28,111,417,1162,105,59,773,711,4.49,6,17,33
4/1/2014,2014,AL,TOR,Toronto Blue Jays,E,N,N,N,N,162,83,79,723,5549,1435,282,24,177,502,1151,78,21,686,642,4,3,16,45
4/1/2014,2014,NL,WAS,Washington Nationals,E,Y,N,N,N,162,96,66,686,5542,1403,265,27,152,517,1304,101,23,555,495,3.03,5,19,45
4/1/2015,2015,AL,KCA,Kansas City Royals,C,Y,N,Y,Y,162,95,67,724,5575,1497,300,42,139,383,973,104,34,641,601,3.73,2,8,56
4/1/2015,2015,AL,MIN,Minnesota Twins,C,N,N,N,N,162,83,79,696,5467,1349,277,44,156,439,1264,70,38,700,653,4.07,2,12,45
4/1/2015,2015,AL,CLE,Cleveland Indians,C,N,N,N,N,161,81,80,669,5439,1395,303,29,141,533,1157,86,28,640,584,3.67,11,10,38
4/1/2015,2015,AL,CHA,Chicago White Sox,C,N,N,N,N,162,76,86,622,5533,1381,260,27,136,404,1231,68,42,701,643,3.98,7,9,37
4/1/2015,2015,AL,DET,Detroit Tigers,C,N,N,N,N,161,74,87,689,5605,1515,289,49,151,455,1259,83,51,803,746,4.64,7,12,35
4/1/2015,2015,AL,TOR,Toronto Blue Jays,E,Y,N,N,N,162,93,69,891,5509,1480,308,17,232,570,1151,88,23,670,609,3.8,7,10,34
4/1/2015,2015,AL,NYA,New York Yankees,E,N,Y,N,N,162,87,75,764,5567,1397,272,19,212,554,1227,63,25,698,652,4.03,3,4,48
4/1/2015,2015,AL,BAL,Baltimore Orioles,E,N,N,N,N,162,81,81,713,5485,1370,246,20,217,418,1331,44,25,693,646,4.05,0,10,43
4/1/2015,2015,AL,TBA,Tampa Bay Rays,E,N,N,N,N,162,80,82,644,5485,1383,278,32,167,436,1310,87,45,642,604,3.74,1,12,60
4/1/2015,2015,AL,BOS,Boston Red Sox,E,N,N,N,N,162,78,84,748,5640,1495,294,33,161,478,1148,71,27,753,694,4.31,3,10,40
4/1/2015,2015,AL,TEX,Texas Rangers,W,Y,N,N,N,162,88,74,751,5511,1419,279,32,172,503,1233,101,39,733,680,4.24,5,9,45
4/1/2015,2015,AL,HOU,Houston Astros,W,N,Y,N,N,162,86,76,729,5459,1363,278,26,230,486,1392,121,48,618,572,3.57,5,13,39
4/1/2015,2015,AL,LAA,Los Angeles Angels of Anaheim,W,N,N,N,N,162,85,77,661,5417,1331,243,21,176,435,1150,52,34,675,630,3.94,2,12,46
4/1/2015,2015,AL,SEA,Seattle Mariners,W,N,N,N,N,162,76,86,656,5544,1379,262,22,198,478,1336,69,45,726,677,4.16,6,12,45
4/1/2015,2015,AL,OAK,Oakland Athletics,W,N,N,N,N,162,68,94,694,5600,1405,277,46,146,475,1119,78,29,729,664,4.14,5,15,28
4/1/2015,2015,NL,SLN,St. Louis Cardinals,C,Y,N,N,N,162,100,62,647,5484,1386,288,39,137,506,1267,69,38,525,478,2.94,1,15,62
4/1/2015,2015,NL,PIT,Pittsburgh Pirates,C,N,Y,N,N,162,98,64,697,5631,1462,292,27,140,461,1322,98,45,596,532,3.21,0,13,54
4/1/2015,2015,NL,CHN,Chicago Cubs,C,N,Y,N,N,162,97,65,689,5491,1341,272,30,171,567,1518,95,37,608,546,3.36,6,21,48
4/1/2015,2015,NL,MIL,Milwaukee Brewers,C,N,N,N,N,162,68,94,655,5480,1378,274,34,145,412,1299,84,29,737,682,4.28,1,7,40
4/1/2015,2015,NL,CIN,Cincinnati Reds,C,N,N,N,N,162,64,98,640,5571,1382,257,27,167,496,1255,134,38,754,700,4.33,2,8,35
4/1/2015,2015,NL,NYN,New York Mets,E,Y,N,Y,N,162,90,72,683,5527,1351,295,17,177,488,1290,51,25,613,557,3.43,1,14,50
4/1/2015,2015,NL,WAS,Washington Nationals,E,N,N,N,N,162,83,79,703,5428,1363,265,13,177,539,1344,57,23,635,577,3.62,4,13,41
4/1/2015,2015,NL,MIA,Miami Marlins,E,N,N,N,N,162,71,91,613,5463,1420,236,40,120,375,1150,112,45,678,638,4.02,0,12,35
4/1/2015,2015,NL,ATL,Atlanta Braves,E,N,N,N,N,162,67,95,573,5420,1361,251,18,100,471,1107,69,33,760,698,4.41,3,10,44
4/1/2015,2015,NL,PHI,Philadelphia Phillies,E,N,N,N,N,162,63,99,626,5529,1374,272,37,130,387,1274,88,32,809,749,4.69,1,7,35
4/1/2015,2015,NL,LAN,Los Angeles Dodgers,W,Y,N,N,N,162,92,70,667,5385,1346,263,26,187,563,1258,59,34,595,553,3.44,6,21,47
4/1/2015,2015,NL,SFN,San Francisco Giants,W,N,N,N,N,162,84,78,696,5565,1486,288,39,136,457,1159,93,36,627,597,3.72,7,18,41
4/1/2015,2015,NL,ARI,Arizona Diamondbacks,W,N,N,N,N,162,79,83,720,5649,1494,289,48,154,490,1312,132,44,713,659,4.04,1,12,44
4/1/2015,2015,NL,SDN,San Diego Padres,W,N,N,N,N,162,74,88,650,5457,1324,260,36,148,426,1327,82,29,731,655,4.09,1,6,41
4/1/2015,2015,NL,COL,Colorado Rockies,W,N,N,N,N,162,68,94,737,5572,1479,274,49,186,388,1283,97,43,844,799,5.04,4,4,36
